  # frame#    Prot_CA   Prot_Backbone  Prot_Sidechain  Prot_All_Heavy Lig_wrt_Protein  Lig_wrt_Ligand
         0      0.000           0.000           0.000           0.000           0.000           0.000
         1      1.668           1.687           2.237           1.916           0.924           0.467
         2      1.617           1.633           2.308           1.928           2.911           0.442
         3      1.688           1.707           2.387           2.006           1.568           0.773
         4      1.699           1.717           2.422           2.030           2.044           0.416
         5      1.846           1.866           2.566           2.173           1.579           0.499
         6      1.907           1.922           2.622           2.229           1.897           0.847
         7      1.963           1.975           2.692           2.297           2.056           0.311
         8      2.029           2.041           2.733           2.339           1.997           0.387
         9      2.302           2.311           2.978           2.602           2.808           0.563
        10      2.325           2.338           3.073           2.676           2.798           0.456
        11      2.171           2.194           2.906           2.510           4.748           0.431
        12      2.201           2.210           2.949           2.543           3.740           0.523
        13      2.277           2.291           2.982           2.600           4.990           1.194
        14      1.969           1.979           2.763           2.336           4.748           0.784
        15      2.099           2.123           2.876           2.466           4.231           1.134
        16      1.961           1.977           2.778           2.341           4.773           0.735
        17      1.891           1.902           2.748           2.284           4.009           0.784
        18      2.080           2.089           2.878           2.438           4.480           0.764
        19      1.993           2.008           2.831           2.382           3.540           0.893
        20      1.933           1.946           2.797           2.322           4.024           1.025
        21      1.854           1.875           2.757           2.268           3.702           0.718
        22      1.932           1.955           2.813           2.335           3.980           0.818
        23      1.938           1.943           2.812           2.348           3.608           0.751
        24      1.903           1.910           2.790           2.310           2.990           0.718
        25      1.978           1.994           2.865           2.389           4.199           0.766
        26      2.167           2.178           2.998           2.555           3.747           0.739
        27      2.069           2.094           2.922           2.466           4.155           1.065
        28      2.144           2.164           2.981           2.527           3.423           0.718
        29      2.416           2.425           3.172           2.762           4.013           0.819
        30      2.405           2.414           3.210           2.776           3.489           0.709
        31      2.588           2.592           3.364           2.941           4.170           0.911
        32      2.299           2.313           3.123           2.681           3.992           0.774
        33      2.302           2.320           3.118           2.683           3.608           0.748
        34      2.439           2.455           3.227           2.811           3.174           0.755
        35      2.452           2.465           3.249           2.816           3.061           0.721
        36      2.516           2.530           3.282           2.864           3.107           0.724
        37      2.396           2.408           3.226           2.780           3.075           0.797
        38      2.426           2.438           3.201           2.771           3.130           0.659
        39      2.338           2.346           3.206           2.734           3.338           0.623
        40      2.436           2.444           3.267           2.803           3.181           0.738
        41      2.564           2.573           3.318           2.897           3.646           0.756
        42      2.322           2.336           3.158           2.702           3.391           0.597
        43      2.477           2.487           3.297           2.846           3.255           0.813
        44      2.299           2.301           3.154           2.678           3.305           0.755
        45      2.215           2.228           3.131           2.636           3.274           0.806
        46      2.115           2.128           3.014           2.533           3.312           0.765
        47      2.134           2.155           3.010           2.536           3.031           0.731
        48      2.135           2.150           3.042           2.558           3.488           0.653
        49      2.097           2.113           3.010           2.517           3.058           0.679
        50      1.977           1.988           2.993           2.451           2.818           0.652
        51      2.132           2.147           3.056           2.559           3.016           1.022
        52      2.291           2.292           3.185           2.709           3.227           0.689
        53      2.432           2.439           3.248           2.804           3.181           0.736
        54      2.216           2.221           3.061           2.597           3.045           0.629
        55      2.012           2.028           2.896           2.414           3.260           0.907
        56      2.146           2.161           3.015           2.540           3.170           0.821
        57      2.293           2.300           3.161           2.685           3.534           0.909
        58      2.325           2.344           3.188           2.719           3.021           0.698
        59      2.447           2.455           3.270           2.808           3.277           0.719
        60      2.473           2.486           3.320           2.865           5.466           0.907
        61      2.181           2.197           3.114           2.616           3.515           0.978
        62      2.277           2.295           3.173           2.686           2.701           0.775
        63      2.385           2.399           3.233           2.781           3.333           0.772
        64      2.574           2.580           3.410           2.973           3.105           1.119
        65      2.526           2.537           3.393           2.939           3.711           0.847
        66      2.721           2.729           3.528           3.100           2.934           0.741
        67      2.902           2.913           3.716           3.309           3.382           0.827
        68      2.993           3.005           3.803           3.398           3.144           0.728
        69      2.882           2.892           3.668           3.272           3.352           0.853
        70      2.700           2.712           3.555           3.119           3.060           0.829
        71      2.938           2.948           3.729           3.317           3.419           0.731
        72      2.882           2.887           3.679           3.260           3.183           0.920
        73      2.932           2.947           3.705           3.294           3.207           0.704
        74      3.117           3.125           3.857           3.472           2.848           0.261
        75      3.051           3.054           3.812           3.402           3.481           0.670
        76      3.027           3.032           3.800           3.393           3.624           0.837
        77      3.024           3.028           3.755           3.365           4.265           0.759
        78      2.927           2.939           3.678           3.270           3.294           0.701
        79      2.206           2.221           3.084           2.604           3.834           0.871
        80      2.519           2.534           3.331           2.888           3.453           0.801
        81      2.423           2.435           3.262           2.814           3.315           0.608
        82      2.423           2.432           3.298           2.838           3.346           0.884
        83      2.872           2.881           3.654           3.254           3.317           0.699
        84      3.051           3.051           3.819           3.428           3.450           0.917
        85      2.748           2.755           3.548           3.135           3.029           0.878
        86      2.545           2.557           3.339           2.909           3.385           0.666
        87      2.657           2.669           3.437           3.020           3.447           0.864
        88      2.774           2.781           3.519           3.117           3.314           0.833
        89      2.646           2.656           3.442           3.014           3.537           0.891
        90      2.622           2.633           3.437           3.001           3.181           0.918
        91      3.065           3.086           3.773           3.396           3.825           0.822
        92      2.905           2.915           3.641           3.245           3.320           0.794
        93      3.448           3.452           4.101           3.752           3.369           0.900
        94      3.460           3.460           4.132           3.769           3.095           0.779
        95      3.341           3.339           3.969           3.634           3.069           0.671
        96      3.212           3.218           3.896           3.523           3.016           0.810
        97      3.523           3.539           4.153           3.812           3.655           0.872
        98      3.192           3.202           3.866           3.498           4.160           1.157
        99      2.822           2.837           3.551           3.152           3.282           0.704
       100      2.792           2.803           3.539           3.125           3.308           0.767
       101      2.449           2.464           3.281           2.826           3.365           1.039
       102      2.338           2.351           3.207           2.729           2.791           0.755
       103      2.448           2.459           3.305           2.831           3.486           1.022
       104      2.755           2.764           3.530           3.099           3.206           0.702
       105      2.901           2.910           3.666           3.249           3.403           1.034
       106      2.621           2.632           3.427           2.985           3.681           0.649
       107      2.526           2.531           3.321           2.871           3.286           1.088
       108      2.508           2.508           3.359           2.883           3.439           0.788
       109      2.464           2.476           3.281           2.823           3.184           0.699
       110      2.563           2.580           3.370           2.920           3.482           0.878
       111      3.053           3.067           3.748           3.357           3.651           0.857
       112      3.031           3.041           3.747           3.346           3.905           1.036
       113      2.906           2.912           3.633           3.228           5.009           1.103
       114      2.743           2.746           3.533           3.086           3.892           0.909
       115      2.909           2.911           3.709           3.262           3.062           0.712
       116      2.869           2.873           3.634           3.196           3.433           0.856
       117      2.761           2.766           3.507           3.073           3.572           0.807
       118      2.535           2.544           3.354           2.898           3.227           0.823
       119      2.400           2.409           3.240           2.766           3.255           1.112
       120      2.458           2.464           3.299           2.837           3.847           0.888
       121      2.453           2.457           3.273           2.825           3.224           0.820
       122      2.620           2.626           3.403           2.972           3.492           1.002
       123      2.452           2.459           3.284           2.825           3.234           0.659
       124      2.516           2.514           3.341           2.878           3.680           1.048
       125      2.559           2.565           3.403           2.937           3.126           0.716
       126      2.789           2.797           3.589           3.138           3.430           0.729
       127      2.926           2.941           3.713           3.279           3.660           0.892
       128      2.874           2.889           3.656           3.229           3.031           0.945
       129      2.483           2.502           3.302           2.847           3.207           0.792
       130      2.824           2.838           3.601           3.169           3.293           0.906
       131      2.632           2.646           3.483           3.021           3.678           0.780
       132      2.592           2.611           3.415           2.966           3.112           0.782
       133      2.685           2.696           3.500           3.049           3.156           0.909
       134      2.613           2.625           3.452           2.987           2.887           0.766
       135      2.526           2.546           3.372           2.900           2.955           0.728
       136      2.469           2.490           3.350           2.865           3.552           0.860
       137      2.767           2.786           3.569           3.125           2.920           0.743
       138      2.530           2.551           3.397           2.918           3.426           0.827
       139      2.777           2.796           3.597           3.143           3.186           0.777
       140      2.749           2.761           3.551           3.108           3.239           0.725
       141      2.786           2.793           3.556           3.121           2.748           0.927
       142      3.013           3.027           3.741           3.334           3.133           0.838
       143      2.988           3.003           3.745           3.321           2.837           0.672
       144      2.901           2.913           3.689           3.242           2.708           0.653
       145      2.891           2.898           3.694           3.242           3.162           0.768
       146      2.867           2.880           3.645           3.206           2.524           0.695
       147      2.816           2.820           3.615           3.167           2.718           0.862
       148      2.890           2.897           3.679           3.233           3.042           0.833
       149      2.934           2.944           3.740           3.291           3.071           0.850
       150      2.936           2.949           3.716           3.272           3.132           0.968
       151      3.046           3.067           3.792           3.369           2.937           0.831
       152      2.996           3.003           3.759           3.328           2.920           0.810
       153      2.901           2.906           3.697           3.245           2.691           0.806
       154      3.000           3.008           3.788           3.338           3.218           1.021
       155      2.828           2.831           3.638           3.177           2.735           0.773
       156      3.023           3.024           3.795           3.351           3.051           0.991
       157      2.975           2.977           3.776           3.317           2.592           0.867
       158      2.560           2.582           3.412           2.931           3.073           0.848
       159      2.518           2.534           3.353           2.871           2.413           0.743
       160      2.503           2.519           3.356           2.867           2.603           0.781
       161      2.605           2.627           3.471           2.981           2.502           0.768
       162      2.640           2.662           3.463           2.999           2.398           0.775
       163      2.557           2.579           3.414           2.926           2.636           0.844
       164      2.692           2.704           3.514           3.048           2.684           0.798
       165      2.741           2.753           3.568           3.101           2.779           0.888
       166      2.875           2.891           3.667           3.221           2.553           0.756
       167      2.463           2.473           3.353           2.850           2.480           0.820
       168      2.769           2.774           3.597           3.131           2.551           0.878
       169      2.559           2.565           3.436           2.946           2.634           0.803
       170      2.740           2.750           3.574           3.103           2.806           0.856
       171      2.801           2.810           3.619           3.151           2.179           0.778
       172      2.716           2.727           3.533           3.068           2.584           0.792
       173      2.852           2.864           3.641           3.192           2.911           0.854
       174      2.771           2.788           3.557           3.110           2.808           0.783
       175      2.561           2.570           3.407           2.930           2.772           0.858
       176      2.541           2.555           3.394           2.910           2.557           0.774
       177      2.657           2.680           3.490           3.023           2.868           0.814
       178      2.766           2.782           3.580           3.125           2.950           0.926
       179      2.724           2.736           3.522           3.072           3.062           0.893
       180      2.664           2.676           3.506           3.040           3.140           0.961
       181      2.706           2.728           3.511           3.054           3.016           0.853
       182      2.416           2.441           3.296           2.810           3.189           0.787
       183      2.422           2.443           3.291           2.811           2.831           0.790
       184      2.475           2.492           3.338           2.863           3.328           0.800
       185      2.779           2.799           3.574           3.135           3.047           0.785
       186      2.642           2.661           3.465           3.009           3.857           0.895
       187      2.844           2.857           3.658           3.209           3.519           0.869
       188      2.551           2.560           3.429           2.954           3.567           0.825
       189      2.528           2.545           3.408           2.930           3.255           0.915
       190      2.985           3.001           3.761           3.328           3.391           0.749
       191      2.764           2.781           3.598           3.136           3.095           0.845
       192      2.562           2.576           3.449           2.958           2.882           0.815
       193      2.679           2.697           3.487           3.036           3.290           0.941
       194      2.631           2.645           3.481           3.010           3.307           0.854
       195      2.633           2.650           3.455           2.993           2.892           0.780
       196      2.364           2.377           3.247           2.755           3.356           0.848
       197      2.393           2.401           3.268           2.781           3.354           0.998
       198      2.513           2.530           3.351           2.883           3.029           0.672
       199      2.593           2.604           3.420           2.958           3.333           0.802
       200      2.706           2.719           3.512           3.059           3.557           0.939
       201      2.633           2.647           3.474           3.004           3.150           0.813
       202      2.836           2.847           3.631           3.187           2.928           0.787
       203      2.817           2.830           3.613           3.163           3.506           0.930
       204      2.489           2.502           3.339           2.861           3.006           0.778
       205      2.873           2.884           3.630           3.200           2.840           0.730
       206      2.869           2.871           3.639           3.203           2.873           0.835
       207      2.597           2.603           3.477           2.984           3.356           0.872
       208      2.579           2.586           3.440           2.960           2.895           0.840
       209      2.558           2.564           3.419           2.944           2.897           0.768
       210      2.466           2.483           3.367           2.870           2.848           0.779
       211      2.445           2.458           3.344           2.848           3.172           0.858
       212      2.730           2.736           3.566           3.096           2.960           0.895
       213      2.699           2.709           3.576           3.086           2.566           0.870
       214      3.074           3.083           3.884           3.429           2.900           0.787
       215      2.743           2.756           3.650           3.150           3.049           0.811
       216      2.312           2.324           3.273           2.745           2.923           0.960
       217      2.592           2.599           3.454           2.971           2.884           0.843
       218      2.538           2.554           3.409           2.928           2.915           0.884
       219      2.536           2.546           3.414           2.930           2.989           0.901
       220      2.933           2.943           3.739           3.285           3.164           0.998
       221      3.144           3.159           3.903           3.481           3.138           0.921
       222      2.956           2.975           3.774           3.322           2.784           0.759
       223      2.901           2.916           3.752           3.288           2.899           0.753
       224      2.975           2.989           3.772           3.333           2.960           0.928
       225      3.235           3.256           3.992           3.578           3.546           0.892
       226      3.216           3.238           3.980           3.560           3.132           0.874
       227      3.362           3.377           4.107           3.700           3.081           0.915
       228      3.283           3.294           4.068           3.644           2.840           0.831
       229      3.190           3.206           3.980           3.548           2.821           0.864
       230      3.503           3.516           4.246           3.831           2.375           0.775
       231      3.095           3.119           3.908           3.463           2.836           0.921
       232      3.221           3.238           3.999           3.564           2.964           0.910
       233      3.064           3.085           3.895           3.449           2.567           0.803
       234      3.191           3.211           4.015           3.568           2.600           0.757
       235      3.194           3.218           3.981           3.551           2.783           0.860
       236      3.203           3.226           3.979           3.563           2.727           0.835
       237      3.349           3.361           4.125           3.704           2.894           0.856
       238      3.506           3.512           4.262           3.859           2.859           0.818
       239      3.244           3.252           4.024           3.595           2.890           0.776
       240      3.054           3.071           3.864           3.418           2.454           0.687
       241      3.151           3.161           3.952           3.518           2.744           0.844
       242      3.280           3.304           4.071           3.640           2.857           0.887
       243      3.437           3.453           4.212           3.791           2.774           0.746
       244      3.250           3.268           4.004           3.595           2.829           0.902
       245      3.222           3.236           3.988           3.564           2.395           0.805
       246      3.240           3.249           4.014           3.586           2.650           0.727
       247      3.006           3.019           3.817           3.373           2.631           0.897
       248      3.006           3.022           3.811           3.370           2.586           0.753
       249      3.250           3.264           4.002           3.587           2.858           0.912
       250      3.052           3.063           3.844           3.406           2.610           0.741
       251      3.086           3.097           3.893           3.447           2.687           0.831
       252      2.931           2.944           3.762           3.314           2.409           0.714
       253      2.917           2.925           3.752           3.308           3.138           1.022
       254      2.724           2.730           3.602           3.131           2.841           0.868
       255      3.400           3.413           4.161           3.742           2.776           0.721
       256      2.975           2.982           3.848           3.378           2.881           0.892
       257      2.835           2.843           3.687           3.221           2.405           0.868
       258      2.881           2.886           3.767           3.282           2.858           0.899
       259      2.846           2.850           3.738           3.252           2.815           0.974
       260      2.911           2.912           3.782           3.299           2.571           0.839
       261      2.707           2.715           3.575           3.101           2.748           0.890
       262      2.662           2.670           3.569           3.074           2.512           0.792
       263      2.871           2.876           3.734           3.265           2.619           0.927
       264      2.819           2.833           3.698           3.222           2.555           0.646
       265      2.852           2.872           3.726           3.251           2.532           0.879
       266      2.691           2.706           3.613           3.112           2.870           0.843
       267      3.048           3.059           3.907           3.441           2.863           0.919
       268      2.863           2.886           3.780           3.292           2.598           0.668
       269      2.801           2.817           3.718           3.226           2.644           0.950
       270      2.839           2.846           3.774           3.272           2.765           0.977
       271      2.735           2.750           3.672           3.164           2.381           0.802
       272      2.810           2.817           3.726           3.225           2.667           0.951
       273      2.811           2.828           3.688           3.207           3.058           0.866
       274      2.871           2.880           3.774           3.280           2.354           0.766
       275      3.068           3.077           3.878           3.432           2.548           0.913
       276      3.015           3.022           3.847           3.388           2.627           0.913
       277      3.025           3.031           3.860           3.407           2.417           0.842
       278      3.056           3.058           3.889           3.433           2.542           0.814
       279      3.039           3.043           3.885           3.433           2.521           0.841
       280      2.998           3.008           3.838           3.386           2.688           0.857
       281      3.195           3.199           4.001           3.560           2.646           0.806
       282      2.793           2.801           3.654           3.185           2.856           0.887
       283      2.932           2.937           3.781           3.313           2.789           0.957
       284      3.078           3.072           3.946           3.485           2.867           0.852
       285      3.000           3.001           3.848           3.386           2.681           0.934
       286      2.721           2.724           3.639           3.147           2.605           0.830
       287      2.798           2.800           3.671           3.198           3.149           1.024
       288      2.758           2.759           3.652           3.173           2.486           0.842
       289      2.922           2.929           3.787           3.327           2.573           0.892
       290      2.942           2.938           3.820           3.346           2.909           0.902
       291      3.190           3.196           4.014           3.571           3.149           0.936
       292      3.173           3.177           3.994           3.546           2.626           0.806
       293      3.632           3.631           4.390           3.980           2.700           0.882
       294      3.405           3.408           4.199           3.763           2.575           0.864
       295      3.286           3.283           4.098           3.647           2.543           0.749
       296      3.019           3.021           3.881           3.413           2.627           0.923
       297      3.248           3.251           4.100           3.639           2.909           1.074
       298      3.381           3.386           4.214           3.769           3.034           0.802
       299      3.479           3.478           4.291           3.849           3.142           0.907
       300      3.139           3.144           3.996           3.534           3.312           0.922
       301      2.938           2.947           3.828           3.347           2.772           0.848
       302      2.870           2.882           3.751           3.277           2.830           0.951
       303      3.144           3.158           3.958           3.511           2.829           0.972
       304      2.981           2.996           3.823           3.365           2.448           0.925
       305      3.125           3.135           3.999           3.531           2.413           0.878
       306      2.986           2.993           3.847           3.383           3.010           1.017
       307      3.091           3.103           3.942           3.494           2.925           0.854
       308      2.912           2.921           3.778           3.316           2.964           0.997
       309      2.706           2.711           3.654           3.159           2.657           0.840
       310      2.914           2.923           3.785           3.323           2.933           0.911
       311      2.961           2.971           3.829           3.367           3.231           0.906
       312      3.438           3.449           4.204           3.785           2.873           0.783
       313      3.292           3.308           4.108           3.669           2.840           0.821
       314      3.307           3.319           4.145           3.694           2.537           0.741
       315      3.168           3.184           3.988           3.544           3.075           0.868
       316      3.206           3.227           4.000           3.566           3.024           0.907
       317      2.592           2.608           3.555           3.043           2.675           0.750
       318      2.641           2.664           3.571           3.076           3.201           0.855
       319      2.992           3.009           3.897           3.411           2.686           0.768
       320      2.678           2.704           3.607           3.116           2.937           0.963
       321      3.000           3.017           3.862           3.403           2.942           0.963
       322      2.834           2.849           3.767           3.270           2.952           0.753
       323      2.768           2.775           3.734           3.218           2.853           0.860
       324      2.728           2.736           3.673           3.167           2.892           0.864
       325      2.781           2.787           3.735           3.226           3.006           0.956
       326      2.862           2.881           3.781           3.303           3.509           0.997
       327      3.099           3.104           3.995           3.528           3.588           1.005
       328      2.712           2.728           3.629           3.142           3.220           1.019
       329      2.586           2.598           3.533           3.023           2.638           0.811
       330      2.911           2.932           3.813           3.323           3.428           1.058
       331      2.767           2.779           3.653           3.179           3.178           1.032
       332      2.874           2.886           3.803           3.317           3.174           1.025
       333      2.726           2.735           3.675           3.173           2.825           0.945
       334      2.786           2.790           3.738           3.235           2.816           0.886
       335      2.733           2.743           3.693           3.193           2.956           0.909
       336      2.683           2.697           3.625           3.121           3.026           0.861
       337      2.753           2.775           3.679           3.182           2.565           0.745
       338      2.884           2.901           3.822           3.326           2.969           0.896
       339      3.136           3.151           4.023           3.554           3.211           0.935
       340      3.226           3.243           4.068           3.622           2.557           0.712
       341      2.954           2.976           3.864           3.375           2.623           0.758
       342      3.097           3.115           3.981           3.510           2.846           0.812
       343      2.831           2.851           3.752           3.254           2.709           0.916
       344      2.971           2.994           3.856           3.375           2.890           0.863
       345      3.043           3.059           3.929           3.458           3.297           0.840
       346      2.842           2.864           3.754           3.261           3.025           0.886
       347      3.088           3.110           3.961           3.497           2.886           0.905
       348      2.988           3.001           3.881           3.401           2.831           0.871
       349      2.907           2.914           3.840           3.349           2.617           0.897
       350      2.855           2.871           3.797           3.297           2.739           0.783
       351      2.668           2.677           3.658           3.130           2.632           0.802
       352      2.909           2.929           3.798           3.317           3.019           1.138
       353      2.690           2.701           3.651           3.139           2.932           0.915
       354      2.806           2.815           3.717           3.223           2.648           0.884
       355      2.576           2.582           3.609           3.056           2.873           0.799
       356      2.973           2.989           3.868           3.392           3.094           0.886
       357      2.862           2.878           3.784           3.289           2.928           0.958
       358      2.794           2.796           3.733           3.236           2.658           0.841
       359      2.788           2.794           3.718           3.223           2.833           0.798
       360      2.995           2.999           3.855           3.395           2.772           0.934
       361      2.459           2.472           3.449           2.923           3.061           0.998
       362      2.797           2.814           3.693           3.222           2.852           0.782
       363      2.839           2.854           3.739           3.255           2.873           0.988
       364      2.822           2.825           3.764           3.265           2.932           0.820
       365      2.900           2.906           3.799           3.313           2.684           0.763
       366      2.762           2.772           3.669           3.185           2.426           0.777
       367      2.890           2.898           3.801           3.323           2.638           0.914
       368      2.759           2.772           3.682           3.197           2.996           0.802
       369      2.859           2.866           3.778           3.295           3.033           0.984
       370      2.883           2.890           3.789           3.305           3.322           0.840
       371      2.999           3.006           3.842           3.383           2.489           0.916
       372      3.077           3.087           3.934           3.479           2.693           0.971
       373      2.965           2.968           3.874           3.396           2.590           0.807
       374      2.806           2.812           3.701           3.217           2.735           0.895
       375      2.841           2.860           3.697           3.226           2.696           0.830
       376      3.064           3.086           3.902           3.452           3.006           0.948
       377      3.409           3.418           4.195           3.762           2.944           0.918
       378      3.134           3.151           3.942           3.493           2.789           0.850
       379      2.994           3.010           3.861           3.395           2.403           0.831
       380      2.974           2.991           3.823           3.364           2.644           0.947
       381      3.040           3.052           3.886           3.428           2.741           1.023
       382      2.942           2.951           3.815           3.330           2.839           0.813
       383      3.018           3.035           3.900           3.426           2.486           0.925
       384      3.391           3.402           4.179           3.756           2.884           0.823
       385      3.300           3.315           4.092           3.670           2.761           0.924
       386      2.976           2.981           3.877           3.392           2.743           0.914
       387      2.968           2.974           3.844           3.382           2.958           0.843
       388      3.200           3.212           4.045           3.594           2.436           0.845
       389      3.331           3.347           4.129           3.696           3.260           0.904
       390      3.654           3.663           4.399           3.995           2.831           0.894
       391      3.316           3.330           4.105           3.674           2.791           0.812
       392      3.519           3.537           4.283           3.866           3.204           0.872
       393      3.309           3.324           4.111           3.665           2.788           0.802
       394      3.561           3.581           4.338           3.907           2.640           0.829
       395      3.251           3.266           4.068           3.623           2.398           0.723
       396      3.062           3.074           3.918           3.446           3.101           0.983
       397      3.040           3.058           3.877           3.423           2.601           0.799
       398      3.063           3.084           3.870           3.435           2.582           1.029
       399      3.259           3.281           4.065           3.635           3.193           0.942
       400      3.243           3.254           4.053           3.619           3.253           0.821
       401      3.417           3.425           4.210           3.788           2.448           0.805
       402      3.454           3.464           4.250           3.819           2.659           0.840
       403      3.497           3.513           4.261           3.851           2.481           0.780
       404      4.383           4.391           5.058           4.697           2.647           0.736
       405      4.201           4.215           4.892           4.514           2.707           0.783
       406      4.028           4.029           4.799           4.382           2.737           0.979
       407      4.540           4.549           5.222           4.855           3.009           0.878
       408      3.872           3.874           4.618           4.207           2.855           0.976
       409      3.882           3.895           4.633           4.228           3.417           1.040
       410      3.944           3.948           4.694           4.288           3.059           0.938
       411      3.618           3.625           4.407           3.980           2.823           1.109
       412      3.552           3.573           4.353           3.920           3.405           0.818
       413      3.375           3.391           4.150           3.727           2.808           0.894
       414      3.269           3.282           4.051           3.622           3.036           1.023
       415      3.247           3.266           4.015           3.607           3.090           1.073
       416      3.288           3.306           4.061           3.643           2.795           0.917
       417      3.325           3.337           4.123           3.693           2.563           0.824
       418      3.204           3.224           4.034           3.593           2.632           0.725
       419      3.142           3.165           3.995           3.537           2.626           0.785
       420      3.151           3.170           3.963           3.529           3.064           0.961
       421      3.017           3.038           3.868           3.417           3.185           0.964
       422      2.837           2.858           3.768           3.278           3.351           1.062
       423      2.594           2.623           3.536           3.048           2.424           0.765
       424      2.813           2.842           3.730           3.244           2.931           0.845
       425      2.966           2.990           3.844           3.374           3.124           0.900
       426      2.745           2.762           3.663           3.173           2.703           0.807
       427      2.590           2.619           3.520           3.034           2.950           0.781
       428      2.519           2.546           3.471           2.966           3.008           0.821
       429      2.580           2.607           3.506           3.009           2.544           0.949
       430      3.037           3.058           3.894           3.446           2.569           0.786
       431      2.918           2.938           3.778           3.315           2.849           0.852
       432      2.920           2.939           3.809           3.337           3.170           0.863
       433      3.008           3.027           3.922           3.443           2.815           0.872
       434      3.166           3.182           4.023           3.567           2.998           0.869
       435      3.322           3.344           4.128           3.701           2.846           0.833
       436      3.120           3.134           3.992           3.529           2.932           0.805
       437      3.017           3.031           3.914           3.439           2.893           0.786
       438      2.931           2.950           3.849           3.365           2.742           0.835
       439      3.157           3.178           3.999           3.545           3.499           0.937
       440      3.152           3.173           4.047           3.581           3.092           0.806
       441      2.827           2.848           3.803           3.301           3.122           0.917
       442      2.944           2.967           3.894           3.413           3.435           0.852
       443      2.941           2.954           3.842           3.375           2.591           0.790
       444      2.756           2.775           3.674           3.190           2.934           0.786
       445      3.152           3.164           4.067           3.592           2.865           0.729
       446      3.176           3.186           4.069           3.601           3.133           0.892
       447      2.831           2.845           3.771           3.284           3.021           0.930
       448      2.767           2.776           3.730           3.227           2.623           0.776
       449      2.653           2.666           3.617           3.113           2.345           0.685
       450      2.453           2.470           3.468           2.944           2.697           0.706
       451      2.649           2.660           3.664           3.137           3.118           0.959
       452      2.657           2.674           3.674           3.152           3.008           0.789
       453      2.714           2.733           3.722           3.205           2.755           0.774
       454      2.719           2.734           3.734           3.215           2.553           0.768
       455      2.602           2.617           3.628           3.099           2.737           0.877
       456      2.445           2.459           3.511           2.965           2.921           0.768
       457      2.464           2.473           3.548           2.990           2.848           1.039
       458      2.480           2.483           3.601           3.029           2.859           0.970
       459      2.532           2.537           3.578           3.045           2.427           0.726
       460      2.838           2.851           3.831           3.315           2.898           0.768
       461      2.798           2.810           3.780           3.269           2.472           0.725
       462      2.554           2.563           3.568           3.048           2.536           0.710
       463      2.615           2.629           3.604           3.086           2.675           0.663
       464      2.530           2.555           3.521           3.003           2.606           0.840
       465      2.812           2.834           3.736           3.251           2.591           0.713
       466      2.751           2.768           3.681           3.179           2.526           0.794
       467      2.856           2.874           3.786           3.303           2.392           0.706
       468      2.694           2.708           3.689           3.173           2.899           0.872
       469      2.765           2.788           3.747           3.247           3.403           0.845
       470      2.556           2.569           3.586           3.058           3.276           0.967
       471      2.531           2.548           3.536           3.017           2.834           0.822
       472      2.499           2.513           3.517           2.994           2.975           0.817
       473      2.452           2.457           3.498           2.954           2.782           0.763
       474      2.309           2.323           3.358           2.808           2.805           0.812
       475      2.475           2.499           3.500           2.972           3.096           0.815
       476      2.660           2.669           3.661           3.153           2.710           1.078
       477      2.767           2.774           3.725           3.225           2.614           0.836
       478      2.866           2.873           3.798           3.304           2.475           0.721
       479      2.939           2.950           3.834           3.362           2.802           0.961
       480      2.926           2.926           3.842           3.370           2.710           0.790
       481      2.670           2.673           3.680           3.159           2.690           0.680
       482      2.748           2.755           3.708           3.205           2.498           0.741
       483      2.699           2.715           3.648           3.149           2.155           0.666
       484      2.833           2.847           3.754           3.264           2.604           0.817
       485      2.696           2.713           3.667           3.154           3.030           1.038
       486      2.873           2.896           3.766           3.289           2.873           0.789
       487      3.138           3.157           4.021           3.558           3.048           0.784
       488      2.810           2.823           3.769           3.260           3.102           0.855
       489      3.509           3.523           4.326           3.891           2.958           0.889
       490      3.217           3.232           4.089           3.626           2.774           0.690
       491      3.178           3.188           4.069           3.598           2.623           0.774
       492      3.395           3.408           4.198           3.758           2.698           0.627
       493      2.983           3.000           3.839           3.369           2.565           0.732
       494      3.219           3.237           4.041           3.599           2.811           0.727
       495      3.418           3.426           4.245           3.802           2.924           0.769
       496      3.438           3.451           4.256           3.817           2.960           0.765
       497      3.524           3.534           4.320           3.888           2.794           0.822
       498      3.678           3.686           4.448           4.026           3.380           0.871
       499      3.819           3.827           4.604           4.184           3.058           0.661
       500      4.146           4.156           4.888           4.494           3.177           0.820
       501      4.219           4.226           4.944           4.557           3.193           0.678
       502      3.852           3.858           4.629           4.226           3.230           0.964
       503      3.737           3.750           4.488           4.087           3.144           0.881
       504      3.542           3.551           4.357           3.933           2.960           0.725
       505      3.588           3.597           4.379           3.956           2.985           0.721
       506      3.381           3.396           4.207           3.767           3.140           0.882
       507      3.449           3.460           4.257           3.829           3.279           0.952
       508      3.835           3.849           4.617           4.207           3.311           0.771
       509      3.526           3.541           4.333           3.903           3.051           0.908
       510      3.556           3.567           4.335           3.912           3.194           0.792
       511      3.631           3.638           4.433           4.004           3.210           0.949
       512      3.487           3.495           4.314           3.873           3.079           0.908
       513      3.609           3.611           4.395           3.978           3.438           0.826
       514      3.533           3.535           4.336           3.906           3.030           0.814
       515      3.618           3.631           4.426           4.005           3.194           0.820
       516      3.298           3.312           4.160           3.710           2.689           0.762
       517      3.607           3.620           4.414           3.991           2.833           0.706
       518      3.433           3.453           4.250           3.819           2.734           0.791
       519      3.051           3.061           3.979           3.490           3.223           0.775
       520      3.308           3.321           4.212           3.742           3.149           0.838
       521      3.127           3.139           4.043           3.563           3.240           0.904
       522      3.283           3.297           4.172           3.708           3.119           0.864
       523      3.178           3.193           4.063           3.598           2.707           0.770
       524      3.040           3.050           3.946           3.463           2.848           0.871
       525      3.006           3.021           3.922           3.439           3.196           0.868
       526      2.780           2.795           3.743           3.239           2.931           0.977
       527      3.234           3.243           4.113           3.655           3.350           0.884
       528      2.888           2.896           3.811           3.323           2.835           0.781
       529      2.643           2.649           3.673           3.141           2.840           0.793
       530      2.760           2.764           3.755           3.237           2.948           0.884
       531      2.681           2.695           3.647           3.138           2.335           0.794
       532      2.839           2.850           3.768           3.278           3.446           0.899
       533      2.852           2.866           3.810           3.312           2.920           0.842
       534      2.730           2.742           3.698           3.187           3.029           0.843
       535      2.795           2.803           3.717           3.224           2.807           0.832
       536      2.898           2.912           3.782           3.306           2.930           0.923
       537      2.785           2.794           3.730           3.228           2.904           0.794
       538      3.000           3.004           3.912           3.429           2.535           0.704
       539      2.797           2.800           3.759           3.250           2.842           0.778
       540      2.855           2.867           3.791           3.301           3.085           0.835
       541      2.741           2.747           3.722           3.209           3.085           0.855
       542      2.682           2.678           3.705           3.173           2.629           0.792
       543      2.740           2.738           3.751           3.214           2.425           0.746
       544      3.011           3.016           3.945           3.447           2.586           0.833
       545      2.927           2.926           3.900           3.379           3.201           0.808
       546      3.039           3.033           4.021           3.501           2.795           0.748
       547      3.167           3.165           4.098           3.605           3.345           0.928
       548      2.886           2.885           3.873           3.344           3.058           0.799
       549      2.830           2.831           3.862           3.313           2.884           0.780
       550      3.167           3.171           4.095           3.586           3.391           0.913
       551      3.191           3.193           4.097           3.605           3.043           0.791
       552      3.025           3.030           3.977           3.467           3.056           0.925
       553      2.806           2.811           3.779           3.261           3.035           1.004
       554      2.619           2.630           3.615           3.087           2.792           0.763
       555      2.660           2.666           3.665           3.128           2.682           0.873
       556      2.863           2.867           3.824           3.301           2.626           0.830
       557      2.788           2.793           3.752           3.231           2.560           0.832
       558      2.870           2.873           3.824           3.311           2.816           0.840
       559      3.050           3.046           4.026           3.504           2.741           0.796
       560      3.269           3.265           4.197           3.702           2.995           0.880
       561      3.374           3.369           4.215           3.762           2.993           0.914
       562      2.897           2.892           3.872           3.359           2.976           0.849
       563      3.428           3.428           4.300           3.838           3.018           0.859
       564      3.194           3.193           4.098           3.608           2.955           0.830
       565      3.531           3.527           4.352           3.907           2.848           0.767
       566      3.731           3.730           4.533           4.105           2.792           0.808
       567      3.239           3.246           4.117           3.650           2.968           0.980
       568      3.205           3.207           4.089           3.608           2.984           1.028
       569      3.466           3.470           4.288           3.843           3.011           0.784
       570      3.249           3.258           4.122           3.661           2.810           0.830
       571      3.137           3.140           3.972           3.520           2.764           0.809
       572      3.189           3.190           4.045           3.579           3.106           0.798
       573      3.025           3.026           3.933           3.449           2.966           0.845
       574      2.990           2.985           3.928           3.426           2.796           0.814
       575      2.895           2.899           3.820           3.325           2.692           0.821
       576      3.059           3.052           3.942           3.462           2.606           0.888
       577      3.180           3.176           4.049           3.581           2.828           0.838
       578      3.710           3.705           4.498           4.077           2.776           0.754
       579      3.274           3.280           4.140           3.673           2.901           0.905
       580      3.374           3.376           4.229           3.772           3.067           0.853
       581      3.549           3.555           4.359           3.922           3.186           0.870
       582      3.390           3.392           4.251           3.792           2.866           0.821
       583      3.819           3.819           4.603           4.193           3.059           0.895
       584      3.384           3.391           4.245           3.795           3.052           0.907
       585      3.375           3.379           4.223           3.770           3.099           0.795
       586      3.769           3.771           4.573           4.138           3.231           0.927
       587      3.969           3.959           4.765           4.333           3.160           0.871
       588      4.360           4.356           5.109           4.710           3.492           1.025
       589      3.942           3.944           4.715           4.293           3.330           0.812
       590      4.380           4.379           5.106           4.716           3.126           1.094
       591      4.481           4.484           5.178           4.807           3.019           0.816
       592      4.161           4.164           4.850           4.477           3.145           0.838
       593      4.222           4.228           4.945           4.556           3.181           0.889
       594      4.108           4.111           4.844           4.447           3.267           0.893
       595      4.283           4.285           4.976           4.597           3.557           0.896
       596      4.190           4.192           4.906           4.521           2.996           0.767
       597      4.260           4.260           4.977           4.589           3.103           0.872
       598      4.058           4.059           4.795           4.404           3.439           0.886
       599      4.278           4.281           5.004           4.616           3.569           0.830
       600      3.775           3.776           4.567           4.152           3.459           0.953
       601      3.964           3.975           4.722           4.322           3.414           0.897
       602      3.342           3.350           4.168           3.720           3.036           0.797
       603      3.206           3.202           4.085           3.611           2.831           0.793
       604      2.975           2.974           3.874           3.385           3.249           0.878
       605      3.360           3.366           4.182           3.739           3.189           0.814
       606      3.752           3.754           4.507           4.090           2.826           0.868
       607      3.708           3.709           4.470           4.047           3.220           0.874
       608      3.353           3.353           4.198           3.733           2.993           0.851
       609      3.477           3.470           4.295           3.846           2.905           0.770
       610      3.351           3.349           4.169           3.721           3.010           0.814
       611      3.419           3.424           4.214           3.774           3.057           0.761
       612      3.873           3.882           4.596           4.201           3.092           0.765
       613      3.692           3.692           4.482           4.048           2.976           0.826
       614      3.595           3.602           4.404           3.965           3.344           0.840
       615      3.521           3.527           4.330           3.890           3.346           0.855
       616      3.900           3.899           4.678           4.260           3.230           0.856
       617      3.810           3.813           4.612           4.185           3.397           0.967
       618      3.834           3.836           4.612           4.188           3.265           0.941
       619      3.632           3.635           4.420           3.995           3.002           0.832
       620      3.597           3.599           4.462           4.005           2.997           0.925
       621      3.564           3.563           4.408           3.947           3.016           1.041
       622      4.057           4.058           4.851           4.422           3.142           0.799
       623      3.654           3.655           4.478           4.030           3.422           0.966
       624      3.752           3.751           4.542           4.105           3.501           0.947
       625      3.839           3.840           4.624           4.194           3.230           0.893
       626      3.896           3.904           4.642           4.229           3.658           1.001
       627      3.604           3.608           4.395           3.964           3.314           0.907
       628      3.746           3.741           4.532           4.102           3.070           0.907
       629      3.893           3.888           4.688           4.260           3.344           0.875
       630      3.888           3.894           4.658           4.241           3.391           0.863
       631      4.068           4.070           4.826           4.419           3.476           0.880
       632      3.911           3.913           4.692           4.275           3.353           1.036
       633      4.021           4.020           4.805           4.384           3.765           1.049
       634      4.073           4.073           4.830           4.413           3.496           0.778
       635      3.817           3.822           4.582           4.170           3.219           0.849
       636      3.725           3.728           4.517           4.086           3.153           0.842
       637      3.894           3.899           4.634           4.228           3.337           0.809
       638      3.407           3.410           4.208           3.766           2.975           0.789
       639      3.066           3.078           3.982           3.492           3.377           0.853
       640      3.231           3.235           4.065           3.609           2.861           0.861
       641      3.216           3.234           4.040           3.594           2.561           0.823
       642      3.041           3.052           3.946           3.458           2.870           0.949
       643      3.530           3.535           4.314           3.888           2.733           0.758
       644      3.652           3.654           4.458           4.021           2.901           0.734
       645      3.329           3.336           4.224           3.742           2.962           0.869
       646      3.357           3.363           4.238           3.760           3.497           1.070
       647      3.357           3.362           4.214           3.750           2.793           0.835
       648      3.394           3.395           4.294           3.817           3.219           0.926
       649      3.655           3.654           4.497           4.045           2.973           0.903
       650      3.417           3.414           4.294           3.827           3.252           0.896
       651      3.559           3.558           4.423           3.962           3.478           1.001
       652      3.213           3.217           4.112           3.633           3.071           0.820
       653      3.493           3.498           4.343           3.888           2.985           0.825
       654      3.225           3.224           4.155           3.651           3.287           0.828
       655      2.973           2.968           3.930           3.414           3.087           0.970
       656      2.973           2.975           3.902           3.400           2.691           0.736
       657      2.890           2.890           3.879           3.354           3.146           0.874
       658      2.839           2.838           3.851           3.321           3.308           0.856
       659      3.269           3.259           4.196           3.702           3.380           0.838
       660      3.034           3.031           3.972           3.462           2.821           0.858
       661      2.934           2.929           3.914           3.389           2.813           0.759
       662      2.846           2.847           3.819           3.292           2.298           0.723
       663      2.997           2.996           3.905           3.409           3.117           0.876
       664      3.370           3.375           4.232           3.772           2.852           0.779
       665      3.099           3.103           3.998           3.516           2.727           0.820
       666      3.553           3.555           4.416           3.950           3.013           0.838
       667      3.205           3.206           4.117           3.621           3.003           0.885
       668      3.478           3.480           4.325           3.868           3.181           0.926
       669      3.691           3.689           4.514           4.070           2.932           0.952
       670      3.505           3.510           4.361           3.901           3.049           0.850
       671      3.247           3.256           4.106           3.636           2.795           0.832
       672      2.907           2.910           3.851           3.336           2.795           0.762
       673      2.912           2.915           3.863           3.344           2.805           0.779
       674      2.902           2.901           3.880           3.350           2.529           0.871
       675      2.906           2.909           3.853           3.336           2.654           0.742
       676      3.140           3.137           4.047           3.555           2.758           0.865
       677      2.848           2.865           3.817           3.297           2.832           0.910
       678      2.867           2.880           3.811           3.297           2.953           0.828
       679      2.779           2.788           3.757           3.226           3.141           1.075
       680      2.747           2.761           3.718           3.196           3.177           0.937
       681      2.905           2.922           3.828           3.333           2.620           0.950
       682      3.293           3.306           4.163           3.696           2.629           0.887
       683      3.034           3.045           3.962           3.465           3.113           0.862
       684      3.229           3.237           4.122           3.646           2.745           0.712
       685      3.098           3.107           3.991           3.506           3.077           0.839
       686      3.158           3.164           4.066           3.569           2.960           0.783
       687      3.059           3.068           3.998           3.490           2.913           0.914
       688      3.181           3.193           4.081           3.590           2.848           0.792
       689      2.967           2.980           3.941           3.408           2.732           0.832
       690      3.182           3.189           4.099           3.598           2.749           0.935
       691      3.138           3.153           4.027           3.550           2.936           0.767
       692      2.954           2.970           3.873           3.380           2.968           0.859
       693      3.136           3.144           4.055           3.560           3.051           0.926
       694      3.131           3.139           4.044           3.555           2.755           0.802
       695      3.164           3.162           4.089           3.590           2.656           0.746
       696      3.440           3.441           4.315           3.850           2.851           0.889
       697      3.432           3.436           4.310           3.838           2.654           0.748
       698      3.319           3.330           4.195           3.724           2.701           0.788
       699      2.929           2.941           3.903           3.387           3.572           1.038
       700      2.780           2.790           3.788           3.249           2.758           0.978
       701      2.850           2.860           3.803           3.289           2.656           0.807
       702      2.996           3.006           3.948           3.442           3.192           0.747
       703      2.826           2.835           3.772           3.263           2.837           0.738
       704      2.833           2.846           3.794           3.286           3.053           0.795
       705      2.805           2.817           3.781           3.261           3.435           0.958
       706      3.001           3.011           3.962           3.459           3.109           0.723
       707      2.871           2.885           3.828           3.321           3.019           0.817
       708      2.841           2.854           3.801           3.294           2.897           0.846
       709      2.711           2.724           3.709           3.170           3.367           0.873
       710      2.593           2.610           3.640           3.084           3.475           0.861
       711      2.603           2.616           3.615           3.072           3.017           0.833
       712      2.575           2.597           3.624           3.066           2.849           0.708
       713      2.811           2.826           3.771           3.252           2.822           0.967
       714      2.683           2.697           3.693           3.153           3.405           1.002
       715      3.087           3.105           4.007           3.512           2.632           0.763
       716      3.111           3.115           4.075           3.560           2.977           0.908
       717      2.996           3.008           3.974           3.459           2.917           0.930
       718      3.125           3.132           4.040           3.546           2.987           0.837
       719      3.092           3.110           4.039           3.535           2.773           0.814
       720      3.279           3.295           4.164           3.690           2.762           0.843
       721      2.973           2.985           3.938           3.429           3.041           1.014
       722      3.105           3.117           4.038           3.548           2.557           0.779
       723      3.313           3.326           4.200           3.728           2.757           0.822
       724      3.478           3.483           4.347           3.876           2.853           0.718
       725      3.482           3.493           4.384           3.910           3.273           1.021
       726      3.431           3.439           4.301           3.843           2.691           0.872
       727      3.340           3.348           4.257           3.769           3.069           0.879
       728      3.539           3.547           4.413           3.949           2.726           0.749
       729      3.433           3.447           4.294           3.840           2.989           0.812
       730      3.484           3.494           4.379           3.907           2.470           0.784
       731      3.286           3.297           4.197           3.717           2.952           0.696
       732      3.556           3.559           4.458           3.978           3.343           0.767
       733      3.360           3.367           4.286           3.789           3.382           0.900
       734      3.905           3.908           4.752           4.305           3.569           0.845
       735      4.227           4.234           4.995           4.593           2.992           0.828
       736      3.753           3.761           4.606           4.153           3.492           0.799
       737      3.719           3.719           4.595           4.134           3.159           0.955
       738      3.961           3.967           4.800           4.356           3.526           0.833
       739      3.880           3.882           4.712           4.267           3.038           0.723
       740      4.024           4.018           4.896           4.445           3.492           0.957
       741      3.797           3.792           4.682           4.226           3.315           0.937
       742      4.132           4.127           4.969           4.541           3.387           0.996
       743      3.774           3.773           4.637           4.197           3.408           0.966
       744      4.245           4.243           5.080           4.668           3.296           0.901
       745      3.859           3.854           4.749           4.301           3.941           0.935
       746      3.716           3.709           4.637           4.174           3.386           0.898
       747      3.700           3.698           4.590           4.139           3.292           1.030
       748      3.485           3.480           4.408           3.929           2.748           0.827
       749      3.780           3.783           4.643           4.202           3.052           0.867
       750      3.964           3.958           4.774           4.359           3.082           0.957
       751      3.869           3.861           4.686           4.268           3.010           0.894
       752      3.979           3.975           4.780           4.369           2.767           0.943
       753      4.189           4.181           5.032           4.609           3.057           0.840
       754      4.356           4.342           5.167           4.766           3.163           1.007
       755      4.135           4.137           4.926           4.530           3.276           0.822
       756      4.244           4.243           5.022           4.629           2.729           0.835
       757      3.970           3.966           4.799           4.378           2.826           0.861
       758      3.972           3.969           4.751           4.348           2.826           0.772
       759      3.620           3.625           4.465           4.029           2.966           0.735
       760      3.408           3.420           4.285           3.824           3.152           0.774
       761      3.411           3.423           4.299           3.842           2.919           0.770
       762      3.255           3.264           4.168           3.690           2.818           0.808
       763      3.253           3.264           4.153           3.677           3.245           0.889
       764      3.234           3.249           4.115           3.651           2.838           0.789
       765      3.755           3.754           4.589           4.149           2.964           0.765
       766      4.243           4.247           5.025           4.630           3.191           0.788
       767      4.043           4.045           4.838           4.415           3.199           0.759
       768      3.986           4.004           4.769           4.355           3.533           0.905
       769      3.758           3.769           4.623           4.170           3.930           0.837
       770      3.838           3.845           4.696           4.248           3.537           0.982
       771      3.765           3.769           4.594           4.160           3.931           0.884
       772      4.308           4.312           5.080           4.671           3.626           0.763
       773      3.802           3.808           4.636           4.201           2.829           0.778
       774      3.957           3.957           4.779           4.352           2.745           0.795
       775      4.062           4.059           4.872           4.448           3.416           0.855
       776      4.231           4.225           5.028           4.614           3.033           0.916
       777      3.604           3.607           4.470           4.025           3.440           0.865
       778      3.635           3.639           4.489           4.046           3.001           0.907
       779      3.627           3.634           4.483           4.049           2.979           0.879
       780      3.730           3.736           4.556           4.138           2.887           0.882
       781      3.751           3.761           4.567           4.139           2.941           0.790
       782      3.853           3.861           4.643           4.220           3.110           0.850
       783      4.329           4.335           5.123           4.722           3.939           0.936
       784      4.506           4.508           5.281           4.885           3.531           0.966
       785      4.179           4.181           4.999           4.585           3.179           0.878
       786      4.040           4.047           4.876           4.453           3.356           0.865
       787      3.677           3.685           4.525           4.095           3.303           0.743
       788      3.739           3.750           4.605           4.162           3.235           0.891
       789      3.776           3.787           4.664           4.218           3.332           0.810
       790      3.480           3.493           4.393           3.925           3.044           0.867
       791      3.668           3.678           4.578           4.119           3.566           0.944
       792      3.653           3.664           4.539           4.084           3.509           0.862
       793      3.663           3.678           4.543           4.103           3.366           0.767
       794      3.664           3.682           4.534           4.094           3.711           0.989
       795      3.517           3.531           4.430           3.963           3.399           0.950
       796      3.972           3.985           4.804           4.376           3.344           0.828
       797      3.454           3.465           4.366           3.891           3.774           0.951
       798      3.682           3.690           4.581           4.120           4.111           0.728
       799      3.705           3.709           4.585           4.139           3.660           0.926
       800      3.937           3.950           4.720           4.306           4.113           0.767
       801      3.777           3.785           4.595           4.171           3.840           0.835
       802      3.681           3.684           4.543           4.089           3.478           0.824
       803      3.765           3.766           4.638           4.168           3.683           0.875
       804      4.040           4.047           4.825           4.401           3.846           0.980
       805      4.450           4.455           5.189           4.798           3.466           0.789
       806      4.173           4.174           4.970           4.555           2.972           0.826
       807      4.270           4.275           5.047           4.651           3.206           0.760
       808      4.088           4.089           4.879           4.476           3.330           0.870
       809      3.975           3.970           4.818           4.386           3.363           0.851
       810      4.383           4.379           5.150           4.761           3.786           0.874
       811      4.210           4.202           5.036           4.627           3.243           0.956
       812      4.011           4.013           4.865           4.452           3.101           0.885
       813      3.760           3.757           4.603           4.174           2.966           0.821
       814      4.280           4.280           5.059           4.668           3.570           0.826
       815      4.381           4.377           5.165           4.778           3.342           0.830
       816      4.215           4.216           5.014           4.608           3.307           0.879
       817      4.009           4.013           4.825           4.411           3.459           0.912
       818      4.131           4.129           4.948           4.531           3.265           0.750
       819      4.095           4.094           4.900           4.493           3.240           0.799
       820      3.517           3.529           4.397           3.945           3.261           0.972
       821      3.899           3.901           4.764           4.339           3.101           0.878
       822      3.831           3.838           4.678           4.253           2.942           0.743
       823      4.524           4.522           5.321           4.919           3.213           0.877
       824      4.159           4.161           4.955           4.565           3.518           0.946
       825      4.594           4.594           5.357           4.971           3.175           0.693
       826      4.305           4.301           5.107           4.710           2.987           0.890
       827      4.420           4.421           5.212           4.823           3.341           0.916
       828      4.454           4.452           5.257           4.854           3.336           0.806
       829      4.829           4.821           5.637           5.240           3.281           0.769
       830      5.254           5.246           6.013           5.634           3.579           0.911
       831      5.088           5.087           5.818           5.443           3.494           0.822
       832      4.742           4.747           5.493           5.106           3.142           0.956
       833      4.563           4.567           5.359           4.957           3.480           0.936
       834      4.463           4.459           5.287           4.867           3.618           0.830
       835      4.190           4.193           4.982           4.574           3.638           0.954
       836      4.332           4.333           5.121           4.717           3.269           0.857
       837      4.417           4.421           5.176           4.790           3.032           0.810
       838      4.631           4.623           5.396           5.001           3.504           0.820
       839      4.689           4.680           5.443           5.053           3.440           0.912
       840      4.179           4.169           5.009           4.589           3.125           0.878
       841      4.198           4.190           5.022           4.608           3.410           0.860
       842      4.302           4.297           5.130           4.708           3.178           0.859
       843      4.351           4.342           5.186           4.774           3.059           0.750
       844      4.700           4.691           5.486           5.102           3.602           0.853
       845      5.052           5.041           5.805           5.442           3.577           0.963
       846      4.720           4.715           5.520           5.145           3.636           0.819
       847      4.699           4.684           5.508           5.120           3.286           0.795
       848      4.566           4.557           5.383           4.992           3.728           0.958
       849      4.288           4.280           5.120           4.714           3.380           0.891
       850      4.496           4.489           5.324           4.928           3.495           0.846
       851      4.646           4.636           5.415           5.037           3.585           0.952
       852      4.668           4.664           5.484           5.095           3.317           0.974
       853      4.909           4.900           5.682           5.305           3.672           0.978
       854      3.954           3.951           4.827           4.387           3.511           0.803
       855      4.278           4.265           5.110           4.687           3.404           0.897
       856      4.719           4.709           5.528           5.132           3.558           0.794
       857      4.707           4.693           5.506           5.102           3.649           0.846
       858      4.757           4.747           5.572           5.164           3.477           0.814
       859      4.649           4.645           5.449           5.064           3.291           0.717
       860      4.721           4.716           5.522           5.124           3.292           0.801
       861      4.129           4.120           4.981           4.550           3.275           0.827
       862      4.306           4.293           5.161           4.734           3.072           0.881
       863      4.350           4.337           5.171           4.762           3.031           0.872
       864      4.112           4.106           4.965           4.537           3.058           0.850
       865      4.575           4.562           5.380           4.978           2.914           0.789
       866      4.271           4.263           5.100           4.684           3.241           0.851
       867      4.136           4.132           4.970           4.553           2.914           0.759
       868      4.352           4.340           5.139           4.738           3.009           0.786
       869      4.219           4.212           5.051           4.639           3.087           0.910
       870      4.191           4.191           5.020           4.606           2.719           0.762
       871      4.051           4.045           4.903           4.477           2.726           0.832
       872      3.774           3.774           4.653           4.208           2.879           0.804
       873      3.731           3.735           4.631           4.179           2.784           0.752
       874      3.828           3.823           4.693           4.254           3.423           0.907
       875      3.780           3.778           4.637           4.193           2.901           0.916
       876      4.073           4.062           4.917           4.484           3.133           0.772
       877      4.028           4.025           4.863           4.435           2.947           0.753
       878      3.556           3.558           4.444           3.984           3.271           0.935
       879      3.480           3.479           4.364           3.899           2.695           0.854
       880      3.313           3.316           4.260           3.769           2.882           0.941
       881      3.140           3.146           4.101           3.614           3.003           0.953
       882      3.401           3.399           4.340           3.859           2.903           0.823
       883      3.534           3.533           4.430           3.974           3.073           0.821
       884      3.560           3.562           4.452           4.002           2.691           0.775
       885      3.480           3.480           4.385           3.915           2.781           0.805
       886      3.843           3.844           4.677           4.250           3.133           0.829
       887      3.756           3.759           4.613           4.175           2.821           0.800
       888      3.887           3.883           4.741           4.312           2.881           0.805
       889      3.711           3.707           4.589           4.157           2.897           0.846
       890      3.324           3.326           4.261           3.783           2.850           0.825
       891      3.298           3.299           4.229           3.763           2.641           0.756
       892      3.590           3.593           4.473           4.025           2.855           0.867
       893      3.213           3.216           4.133           3.666           2.873           0.843
       894      3.272           3.276           4.183           3.720           2.861           0.928
       895      3.339           3.337           4.237           3.774           2.676           0.854
       896      3.072           3.072           4.028           3.536           2.700           0.925
       897      3.025           3.026           3.970           3.475           2.803           0.852
       898      2.929           2.928           3.934           3.409           2.642           0.965
       899      3.083           3.082           4.017           3.547           2.768           0.933
       900      2.956           2.960           3.935           3.439           2.789           0.890
       901      3.150           3.147           4.111           3.618           3.123           1.007
       902      3.474           3.464           4.373           3.910           2.862           0.866
       903      4.309           4.294           5.111           4.695           3.079           0.854
       904      4.202           4.189           4.993           4.585           3.092           0.876
       905      3.724           3.713           4.549           4.116           3.068           0.855
       906      3.653           3.646           4.523           4.079           2.994           0.916
       907      3.470           3.465           4.368           3.909           2.902           0.784
       908      3.756           3.745           4.628           4.188           3.165           0.880
       909      4.024           4.020           4.828           4.423           3.248           0.924
       910      3.887           3.887           4.686           4.274           2.865           0.862
       911      3.998           3.990           4.826           4.421           3.150           0.777
       912      4.159           4.157           4.949           4.551           3.265           0.810
       913      4.023           4.022           4.795           4.406           3.524           0.916
       914      4.146           4.145           4.918           4.532           3.440           0.853
       915      3.754           3.750           4.556           4.146           2.826           0.838
       916      4.372           4.366           5.143           4.761           3.384           1.067
       917      4.301           4.292           5.091           4.693           3.396           0.854
       918      4.253           4.243           5.051           4.655           3.296           0.799
       919      4.273           4.261           5.072           4.676           3.063           0.884
       920      4.439           4.427           5.246           4.850           3.387           1.041
       921      4.308           4.302           5.134           4.725           3.467           0.899
       922      4.447           4.436           5.243           4.852           3.362           0.933
       923      4.277           4.264           5.120           4.707           3.051           0.907
       924      4.154           4.138           4.974           4.569           3.170           0.962
       925      4.114           4.107           4.964           4.551           3.510           0.883
       926      4.083           4.080           4.923           4.508           3.002           0.983
       927      4.072           4.065           4.901           4.496           3.210           0.803
       928      3.900           3.900           4.770           4.337           3.301           0.845
       929      4.546           4.539           5.346           4.959           3.682           0.973
       930      4.792           4.785           5.572           5.196           3.662           0.879
       931      4.357           4.346           5.168           4.773           3.782           0.790
       932      4.746           4.737           5.537           5.159           3.553           0.914
       933      4.446           4.432           5.279           4.870           3.351           0.880
       934      4.108           4.104           4.971           4.547           3.459           0.924
       935      4.487           4.483           5.288           4.899           3.203           0.850
       936      4.426           4.426           5.233           4.847           3.606           0.914
       937      4.085           4.084           4.974           4.552           3.305           0.927
       938      3.837           3.836           4.769           4.324           3.337           0.882
       939      4.132           4.136           4.976           4.571           3.358           0.884
       940      4.693           4.684           5.506           5.120           3.623           0.925
       941      4.437           4.435           5.265           4.870           3.290           0.820
       942      4.591           4.584           5.392           5.012           3.178           0.755
       943      4.371           4.371           5.186           4.798           3.125           0.769
       944      4.276           4.276           5.120           4.729           3.044           0.831
       945      4.474           4.468           5.267           4.889           3.482           0.846
       946      4.318           4.312           5.126           4.730           3.589           0.839
       947      4.172           4.163           5.020           4.610           3.610           1.008
       948      4.321           4.319           5.164           4.757           3.770           0.977
       949      4.557           4.554           5.377           4.984           3.296           0.849
       950      4.406           4.406           5.221           4.833           3.257           0.822
       951      4.181           4.181           5.027           4.610           2.886           0.818
       952      4.055           4.052           4.897           4.484           3.344           0.804
       953      4.345           4.342           5.208           4.789           3.399           0.956
       954      4.408           4.406           5.219           4.832           3.362           0.789
       955      4.097           4.093           4.958           4.537           3.289           0.798
       956      4.465           4.463           5.267           4.878           3.046           0.855
       957      4.613           4.607           5.400           5.016           3.326           0.840
       958      4.402           4.402           5.221           4.826           3.282           0.778
       959      3.916           3.916           4.795           4.374           3.175           0.739
       960      3.961           3.949           4.840           4.416           3.342           0.777
       961      4.117           4.105           4.986           4.568           3.051           0.855
       962      4.388           4.384           5.209           4.812           3.731           0.848
       963      4.596           4.582           5.393           5.016           3.496           0.953
       964      4.877           4.870           5.669           5.290           3.107           0.869
       965      4.427           4.422           5.279           4.864           3.291           0.869
       966      4.376           4.366           5.206           4.800           3.513           0.939
       967      4.178           4.172           5.008           4.601           3.410           0.806
       968      4.664           4.647           5.444           5.067           3.837           0.885
       969      4.934           4.923           5.717           5.344           3.538           0.842
       970      4.687           4.673           5.457           5.083           3.307           0.941
       971      4.714           4.706           5.463           5.107           3.788           0.972
       972      5.262           5.246           5.995           5.639           3.506           0.907
       973      5.731           5.716           6.453           6.103           3.691           0.936
       974      5.315           5.306           6.083           5.714           3.810           0.822
       975      5.479           5.466           6.220           5.867           3.900           0.872
       976      5.141           5.130           5.890           5.525           3.478           0.823
       977      4.834           4.822           5.568           5.213           3.679           0.893
       978      4.125           4.117           4.924           4.534           3.416           0.922
       979      3.831           3.822           4.677           4.254           3.342           0.882
       980      4.365           4.355           5.163           4.770           3.415           0.808
       981      4.078           4.075           4.903           4.490           3.814           0.767
       982      4.127           4.120           4.943           4.537           3.417           0.827
       983      4.580           4.569           5.330           4.954           3.828           0.996
       984      4.381           4.374           5.195           4.795           3.775           0.867
       985      4.403           4.396           5.204           4.813           3.861           1.027
       986      4.356           4.346           5.183           4.773           3.348           0.944
       987      3.759           3.752           4.635           4.202           3.521           0.992
       988      3.752           3.756           4.605           4.189           3.495           0.859
       989      3.424           3.431           4.326           3.889           3.352           0.901
       990      3.666           3.671           4.538           4.120           3.091           0.887
       991      3.361           3.356           4.289           3.830           3.056           0.870
       992      3.340           3.333           4.266           3.803           2.853           0.772
       993      3.701           3.700           4.551           4.130           3.458           0.831
       994      3.588           3.579           4.460           4.017           3.273           0.787
       995      3.924           3.909           4.770           4.352           3.584           0.830
       996      3.893           3.885           4.708           4.307           3.378           0.921
       997      3.679           3.673           4.519           4.098           3.248           1.027
       998      3.584           3.575           4.458           4.019           3.290           0.927
       999      3.536           3.531           4.450           4.006           3.220           0.894
      1000      3.830           3.818           4.705           4.276           3.370           0.779
