  # frame#    Prot_CA   Prot_Backbone  Prot_Sidechain  Prot_All_Heavy Lig_wrt_Protein  Lig_wrt_Ligand
         0      0.000           0.000           0.000           0.000           0.000           0.000
         1      1.224           1.247           1.797           1.421           1.018           0.631
         2      1.374           1.394           1.977           1.594           0.644           0.416
         3      1.479           1.491           2.094           1.688           0.964           0.614
         4      1.579           1.595           2.171           1.777           1.032           0.435
         5      1.733           1.743           2.313           1.922           0.731           0.383
         6      1.682           1.687           2.347           1.912           0.651           0.314
         7      1.827           1.832           2.470           2.050           0.808           0.338
         8      1.938           1.952           2.476           2.099           0.938           0.301
         9      2.116           2.138           2.623           2.260           1.075           0.568
        10      2.271           2.291           2.678           2.362           1.279           0.302
        11      2.246           2.262           2.658           2.343           0.909           0.317
        12      2.272           2.284           2.685           2.367           1.152           0.476
        13      2.295           2.309           2.770           2.438           1.385           0.337
        14      2.373           2.382           2.803           2.480           1.197           0.305
        15      2.258           2.264           2.787           2.420           1.236           0.359
        16      2.207           2.215           2.735           2.360           1.250           0.735
        17      2.213           2.216           2.766           2.387           1.415           0.820
        18      2.232           2.240           2.774           2.396           1.249           0.225
        19      2.323           2.337           2.835           2.480           1.177           0.633
        20      2.385           2.392           2.887           2.532           1.081           0.293
        21      2.585           2.600           3.046           2.715           0.857           0.536
        22      2.412           2.418           2.904           2.556           0.935           0.355
        23      2.418           2.429           2.948           2.590           0.768           0.388
        24      2.356           2.358           2.893           2.523           1.097           0.397
        25      2.466           2.478           2.944           2.604           0.816           0.290
        26      2.308           2.326           2.857           2.493           1.254           0.273
        27      2.649           2.676           3.100           2.785           0.979           0.402
        28      2.566           2.595           3.029           2.704           1.534           0.568
        29      2.701           2.716           3.192           2.852           1.623           0.406
        30      2.498           2.522           3.052           2.693           1.343           0.498
        31      2.278           2.299           2.857           2.479           1.180           0.343
        32      2.277           2.293           2.860           2.476           1.011           0.335
        33      2.222           2.240           2.827           2.428           0.945           0.402
        34      2.399           2.413           3.013           2.617           0.952           0.370
        35      2.219           2.238           2.884           2.473           0.996           0.400
        36      2.540           2.562           3.081           2.740           1.355           0.448
        37      2.511           2.529           3.109           2.744           1.072           0.410
        38      2.323           2.346           2.896           2.546           1.250           0.453
        39      2.428           2.454           3.049           2.676           1.399           0.356
        40      2.451           2.481           3.045           2.689           1.223           0.401
        41      2.406           2.417           3.068           2.671           1.181           0.489
        42      2.331           2.354           2.981           2.586           1.034           0.247
        43      2.462           2.480           3.060           2.689           1.130           0.407
        44      2.304           2.320           2.964           2.575           2.303           0.676
        45      2.445           2.453           3.098           2.707           1.094           0.539
        46      2.395           2.403           2.996           2.619           1.538           0.363
        47      2.399           2.409           2.988           2.615           1.171           0.407
        48      2.686           2.697           3.241           2.887           0.752           0.502
        49      2.657           2.656           3.184           2.840           2.109           0.546
        50      2.771           2.778           3.302           2.970           2.000           0.528
        51      2.424           2.427           3.048           2.654           1.448           0.414
        52      2.650           2.656           3.221           2.857           1.853           0.469
        53      2.524           2.524           3.158           2.760           2.096           0.507
        54      2.404           2.411           3.049           2.635           2.299           0.717
        55      2.438           2.445           3.154           2.711           1.511           0.629
        56      2.182           2.192           2.886           2.436           1.590           0.583
        57      2.431           2.443           3.069           2.667           1.279           0.351
        58      2.483           2.498           3.107           2.719           1.327           0.350
        59      2.221           2.234           2.895           2.467           1.055           0.312
        60      2.295           2.317           2.926           2.518           1.525           0.393
        61      2.288           2.310           3.012           2.565           1.447           0.348
        62      2.294           2.307           3.037           2.588           1.045           0.324
        63      2.499           2.512           3.221           2.790           1.463           0.387
        64      2.504           2.513           3.219           2.784           1.792           0.466
        65      2.286           2.300           3.057           2.596           1.402           0.409
        66      2.202           2.210           2.971           2.512           1.164           0.469
        67      2.135           2.138           2.919           2.436           1.366           0.504
        68      2.193           2.199           2.938           2.477           1.242           0.307
        69      2.284           2.293           3.008           2.570           1.611           0.478
        70      2.364           2.372           3.060           2.624           1.481           0.437
        71      2.277           2.281           3.043           2.576           1.904           0.539
        72      2.524           2.522           3.251           2.813           1.576           0.272
        73      2.560           2.566           3.256           2.843           1.825           0.653
        74      2.560           2.566           3.268           2.843           1.927           0.555
        75      2.460           2.470           3.166           2.729           1.525           0.434
        76      2.551           2.563           3.205           2.794           1.213           0.398
        77      2.499           2.508           3.183           2.757           1.412           0.453
        78      2.252           2.267           3.021           2.550           1.178           0.474
        79      2.384           2.398           3.091           2.648           1.952           0.708
        80      2.480           2.490           3.168           2.738           1.383           0.472
        81      2.158           2.175           2.891           2.439           1.425           0.369
        82      2.135           2.146           2.913           2.440           1.064           0.369
        83      2.348           2.353           3.106           2.651           1.515           0.427
        84      2.349           2.351           3.064           2.614           1.367           0.480
        85      2.582           2.582           3.234           2.822           1.351           0.543
        86      2.640           2.647           3.296           2.886           1.304           0.404
        87      2.615           2.634           3.310           2.885           1.842           0.429
        88      2.381           2.405           3.090           2.660           1.514           0.409
        89      2.530           2.555           3.225           2.812           1.795           0.305
        90      2.359           2.380           3.069           2.632           1.176           0.370
        91      2.355           2.372           3.077           2.633           1.788           0.424
        92      2.277           2.289           3.039           2.581           1.518           0.558
        93      2.608           2.621           3.308           2.880           1.353           0.329
        94      2.556           2.574           3.282           2.847           1.367           0.405
        95      2.699           2.717           3.400           2.984           1.370           0.350
        96      2.584           2.614           3.245           2.844           1.146           0.468
        97      2.578           2.597           3.282           2.858           1.949           0.614
        98      2.840           2.849           3.509           3.110           1.756           0.481
        99      2.285           2.298           3.025           2.578           1.669           0.301
       100      2.455           2.463           3.183           2.736           1.725           0.554
       101      2.322           2.337           3.076           2.624           1.669           0.401
       102      2.462           2.479           3.150           2.721           1.655           0.536
       103      2.487           2.504           3.184           2.759           1.534           0.476
       104      2.782           2.797           3.393           3.012           1.390           0.463
       105      3.330           3.345           3.855           3.526           2.425           0.482
       106      2.976           2.985           3.599           3.208           2.433           0.467
       107      2.963           2.968           3.586           3.207           2.428           0.461
       108      2.803           2.809           3.498           3.084           1.360           0.476
       109      2.724           2.736           3.414           3.001           1.619           0.587
       110      2.969           2.977           3.622           3.227           1.830           0.308
       111      3.008           3.013           3.632           3.255           1.613           0.193
       112      2.648           2.655           3.333           2.918           1.527           0.420
       113      3.096           3.105           3.707           3.339           2.433           0.623
       114      3.202           3.214           3.800           3.442           2.147           0.507
       115      3.114           3.124           3.755           3.374           2.068           0.543
       116      3.015           3.024           3.633           3.261           2.157           0.579
       117      3.435           3.442           3.951           3.629           2.581           0.607
       118      3.259           3.274           3.804           3.468           2.065           0.434
       119      3.258           3.274           3.826           3.479           1.789           0.375
       120      2.994           3.013           3.538           3.190           1.748           0.600
       121      3.048           3.065           3.602           3.253           1.940           0.372
       122      2.821           2.839           3.440           3.056           1.624           0.574
       123      2.796           2.818           3.438           3.041           1.623           0.451
       124      2.675           2.690           3.380           2.950           1.400           0.354
       125      2.866           2.883           3.496           3.114           1.215           0.480
       126      2.704           2.727           3.370           2.968           1.726           0.504
       127      3.219           3.232           3.837           3.456           2.078           0.631
       128      3.142           3.154           3.750           3.376           1.682           0.417
       129      3.274           3.279           3.892           3.517           2.148           0.394
       130      3.512           3.521           4.078           3.735           2.508           0.479
       131      3.221           3.233           3.790           3.437           1.794           0.491
       132      3.027           3.033           3.686           3.284           1.446           0.493
       133      3.409           3.414           3.967           3.619           1.776           0.383
       134      3.261           3.267           3.846           3.485           1.698           0.627
       135      3.214           3.223           3.823           3.453           1.712           0.494
       136      2.849           2.870           3.521           3.115           1.282           0.562
       137      2.786           2.795           3.473           3.052           1.780           0.395
       138      2.896           2.909           3.577           3.170           1.811           0.515
       139      3.039           3.051           3.659           3.278           1.770           0.562
       140      3.184           3.197           3.782           3.421           1.981           0.783
       141      3.076           3.090           3.701           3.323           1.362           0.481
       142      2.864           2.874           3.520           3.129           1.478           0.589
       143      2.764           2.782           3.448           3.050           1.635           0.551
       144      2.657           2.673           3.362           2.950           1.916           0.854
       145      3.162           3.170           3.749           3.402           1.859           0.607
       146      2.883           2.895           3.564           3.170           1.968           0.597
       147      3.123           3.133           3.754           3.382           2.141           0.875
       148      2.951           2.961           3.685           3.271           2.173           0.969
       149      3.181           3.186           3.842           3.459           2.479           1.133
       150      3.184           3.191           3.841           3.465           2.598           0.795
       151      3.139           3.149           3.804           3.419           2.972           1.098
       152      3.087           3.099           3.734           3.355           2.069           0.637
       153      2.939           2.957           3.594           3.220           2.300           0.584
       154      2.901           2.922           3.584           3.182           2.798           1.254
       155      3.081           3.101           3.696           3.325           2.622           1.006
       156      2.881           2.899           3.593           3.182           2.794           1.198
       157      2.723           2.737           3.396           2.989           2.972           1.294
       158      2.929           2.940           3.617           3.204           2.679           1.207
       159      3.173           3.183           3.816           3.431           2.385           1.167
       160      3.024           3.032           3.662           3.277           2.637           1.196
       161      3.121           3.129           3.720           3.355           2.585           1.217
       162      3.220           3.234           3.837           3.469           2.527           1.244
       163      3.320           3.334           3.908           3.547           3.213           1.293
       164      3.105           3.120           3.709           3.343           3.114           1.167
       165      3.152           3.165           3.756           3.395           3.072           1.177
       166      3.425           3.437           3.998           3.655           2.907           1.105
       167      3.185           3.186           3.827           3.442           2.667           1.198
       168      3.210           3.226           3.810           3.461           2.943           1.066
       169      3.328           3.351           3.923           3.579           3.053           0.783
       170      3.236           3.246           3.900           3.520           2.537           0.683
       171      3.390           3.403           3.988           3.643           2.978           1.376
       172      3.217           3.237           3.837           3.476           2.963           1.355
       173      3.472           3.487           4.085           3.733           3.382           1.394
       174      3.475           3.488           4.097           3.737           3.290           1.376
       175      3.374           3.392           4.005           3.635           3.337           1.412
       176      3.275           3.294           3.921           3.544           2.492           1.277
       177      3.430           3.440           4.086           3.701           3.472           1.347
       178      3.308           3.318           4.011           3.601           2.856           1.313
       179      3.304           3.310           3.967           3.581           2.925           1.365
       180      3.106           3.115           3.803           3.391           2.984           1.451
       181      3.432           3.440           4.080           3.704           3.727           1.416
       182      3.144           3.154           3.790           3.414           3.248           1.455
       183      3.302           3.312           3.941           3.572           3.112           1.410
       184      3.147           3.159           3.873           3.459           2.700           1.419
       185      3.436           3.452           4.050           3.698           3.161           1.366
       186      3.425           3.431           4.044           3.681           2.955           1.377
       187      3.105           3.117           3.768           3.376           3.288           1.343
       188      3.580           3.589           4.209           3.847           3.159           1.516
       189      3.727           3.734           4.296           3.967           3.823           1.336
       190      3.303           3.309           3.978           3.584           2.520           1.413
       191      3.548           3.560           4.134           3.798           2.180           1.496
       192      3.318           3.330           3.939           3.582           2.250           1.700
       193      3.455           3.465           4.067           3.716           2.760           1.485
       194      3.070           3.084           3.746           3.354           2.399           1.691
       195      3.143           3.148           3.811           3.425           2.236           1.642
       196      3.243           3.251           3.903           3.522           1.610           1.353
       197      3.384           3.381           3.985           3.625           2.080           1.472
       198      3.392           3.393           4.021           3.652           1.561           1.359
       199      3.663           3.669           4.249           3.911           2.464           1.507
       200      3.524           3.532           4.111           3.775           2.230           1.426
       201      3.652           3.658           4.243           3.904           2.538           1.534
       202      3.324           3.328           3.993           3.601           2.437           1.404
       203      3.393           3.403           3.963           3.624           2.262           1.446
       204      3.388           3.394           3.989           3.633           2.147           1.278
       205      3.488           3.485           4.103           3.742           2.040           1.625
       206      3.783           3.786           4.327           4.015           2.128           1.438
       207      3.531           3.531           4.055           3.731           1.958           1.513
       208      3.569           3.564           4.102           3.771           1.972           1.311
       209      3.882           3.881           4.359           4.061           1.830           1.255
       210      3.987           3.991           4.487           4.184           1.712           1.234
       211      3.703           3.704           4.216           3.900           2.263           1.206
       212      3.831           3.831           4.347           4.024           2.219           1.270
       213      3.816           3.819           4.349           4.030           1.769           1.231
       214      4.071           4.077           4.547           4.264           1.988           1.222
       215      3.818           3.827           4.347           4.038           1.905           1.231
       216      3.888           3.894           4.404           4.093           1.641           1.239
       217      3.653           3.656           4.227           3.892           2.050           1.206
       218      3.830           3.843           4.368           4.059           1.960           1.264
       219      3.359           3.368           3.979           3.618           1.483           1.237
       220      3.525           3.532           4.130           3.780           2.518           1.255
       221      3.557           3.566           4.139           3.796           1.705           1.198
       222      3.662           3.674           4.240           3.905           1.800           1.275
       223      3.680           3.692           4.236           3.910           1.936           1.269
       224      3.760           3.774           4.316           3.989           2.477           1.266
       225      3.739           3.750           4.297           3.972           2.258           1.246
       226      3.502           3.510           4.101           3.748           1.957           1.359
       227      3.849           3.859           4.400           4.075           2.687           1.277
       228      3.894           3.899           4.466           4.131           2.563           0.512
       229      3.719           3.727           4.281           3.951           2.460           0.744
       230      3.639           3.650           4.257           3.899           2.460           0.683
       231      3.623           3.633           4.201           3.866           1.693           0.559
       232      3.492           3.508           4.098           3.745           1.415           0.425
       233      3.507           3.521           4.070           3.737           1.831           0.822
       234      3.394           3.409           4.006           3.649           1.906           0.531
       235      3.457           3.467           4.069           3.704           2.033           0.510
       236      3.492           3.503           4.083           3.744           2.036           0.491
       237      3.492           3.497           4.088           3.739           1.917           0.711
       238      3.458           3.463           4.086           3.719           1.397           0.593
       239      3.637           3.645           4.203           3.873           2.039           0.686
       240      3.477           3.487           4.107           3.743           1.716           0.689
       241      3.475           3.488           4.124           3.758           1.947           0.682
       242      3.358           3.376           4.017           3.647           1.592           0.501
       243      3.907           3.922           4.511           4.175           1.637           0.525
       244      3.848           3.851           4.462           4.112           1.810           0.530
       245      3.671           3.688           4.282           3.930           1.794           0.585
       246      4.090           4.100           4.684           4.349           3.043           0.284
       247      3.896           3.906           4.499           4.151           2.172           0.553
       248      4.012           4.027           4.591           4.256           2.303           0.432
       249      4.230           4.242           4.773           4.459           2.048           0.497
       250      4.092           4.102           4.685           4.347           2.026           0.571
       251      4.262           4.273           4.831           4.504           2.392           0.599
       252      3.998           4.008           4.604           4.249           1.893           0.511
       253      4.129           4.130           4.730           4.386           2.623           0.553
       254      4.016           4.034           4.595           4.264           2.408           0.853
       255      3.961           3.971           4.555           4.215           2.447           0.906
       256      4.039           4.055           4.638           4.304           2.961           0.894
       257      4.071           4.080           4.685           4.337           2.260           0.729
       258      4.047           4.055           4.660           4.313           2.893           0.774
       259      4.060           4.069           4.680           4.334           2.780           0.764
       260      3.574           3.589           4.196           3.840           2.120           0.582
       261      3.562           3.574           4.218           3.848           2.556           0.698
       262      3.550           3.557           4.230           3.836           2.514           0.798
       263      3.393           3.404           4.050           3.669           2.495           0.727
       264      3.420           3.433           4.081           3.700           1.623           0.567
       265      3.596           3.614           4.209           3.859           2.252           0.718
       266      3.761           3.768           4.403           4.030           2.607           0.813
       267      3.639           3.643           4.263           3.897           2.336           0.482
       268      3.723           3.725           4.340           3.977           2.677           0.660
       269      3.773           3.775           4.405           4.032           2.180           0.454
       270      3.664           3.671           4.260           3.906           1.852           0.525
       271      3.953           3.957           4.610           4.224           2.105           0.518
       272      3.759           3.763           4.404           4.025           1.847           0.518
       273      3.588           3.594           4.303           3.888           2.292           0.534
       274      4.018           4.029           4.615           4.260           2.403           0.667
       275      4.342           4.342           4.879           4.556           2.355           0.502
       276      3.769           3.779           4.417           4.038           1.802           0.452
       277      4.370           4.373           4.912           4.597           2.713           0.600
       278      3.886           3.892           4.467           4.127           2.388           0.675
       279      4.251           4.252           4.833           4.500           2.702           0.666
       280      4.013           4.016           4.642           4.282           1.905           0.614
       281      3.962           3.965           4.623           4.256           3.070           0.652
       282      4.155           4.153           4.764           4.411           2.685           0.792
       283      3.825           3.823           4.503           4.120           2.406           0.591
       284      3.850           3.850           4.521           4.137           2.964           0.559
       285      3.852           3.853           4.514           4.133           2.577           0.551
       286      3.838           3.829           4.510           4.125           3.676           0.735
       287      3.915           3.906           4.575           4.193           2.879           0.711
       288      3.700           3.696           4.374           3.985           2.434           0.723
       289      3.573           3.573           4.254           3.861           3.164           1.001
       290      3.754           3.761           4.400           4.028           3.305           0.787
       291      3.798           3.797           4.470           4.084           1.730           0.633
       292      3.889           3.885           4.557           4.180           2.739           0.568
       293      3.780           3.779           4.478           4.077           2.472           0.533
       294      3.775           3.767           4.480           4.073           2.229           0.563
       295      3.944           3.941           4.576           4.215           2.934           0.423
       296      3.928           3.920           4.608           4.214           2.454           0.592
       297      3.716           3.713           4.410           4.020           2.924           0.637
       298      3.725           3.714           4.413           4.009           2.695           0.591
       299      3.960           3.957           4.602           4.232           2.512           0.539
       300      3.826           3.823           4.490           4.099           2.542           0.634
       301      3.921           3.926           4.533           4.173           2.047           0.536
       302      3.674           3.662           4.379           3.961           2.282           1.279
       303      4.248           4.244           4.829           4.489           3.476           1.226
       304      3.986           3.990           4.646           4.269           2.780           1.253
       305      4.230           4.226           4.910           4.527           2.668           1.261
       306      4.163           4.165           4.803           4.434           2.363           1.320
       307      4.022           4.024           4.698           4.312           2.473           1.199
       308      3.922           3.923           4.563           4.196           3.268           1.256
       309      4.126           4.121           4.734           4.389           3.268           1.289
       310      4.108           4.109           4.710           4.366           3.192           1.352
       311      4.123           4.123           4.745           4.392           2.446           1.242
       312      3.781           3.776           4.447           4.067           2.839           1.251
       313      3.849           3.846           4.531           4.148           2.627           1.228
       314      3.901           3.897           4.571           4.194           2.754           1.211
       315      4.222           4.220           4.879           4.502           3.560           1.328
       316      4.525           4.518           5.143           4.789           3.650           1.343
       317      4.183           4.177           4.849           4.468           2.629           1.235
       318      4.032           4.028           4.696           4.308           2.603           1.222
       319      4.141           4.138           4.820           4.423           2.707           1.251
       320      3.848           3.852           4.566           4.154           3.050           1.226
       321      4.053           4.055           4.680           4.308           3.872           1.306
       322      4.225           4.224           4.853           4.485           2.912           1.238
       323      4.131           4.128           4.782           4.391           2.734           1.214
       324      4.216           4.215           4.829           4.464           2.966           1.275
       325      4.261           4.253           4.927           4.534           3.193           1.341
       326      4.407           4.406           5.010           4.647           3.205           1.348
       327      4.260           4.252           4.826           4.474           2.895           1.241
       328      4.538           4.528           5.086           4.745           2.322           1.225
       329      3.979           3.978           4.625           4.230           2.169           0.684
       330      4.026           4.032           4.632           4.266           1.945           0.904
       331      4.195           4.201           4.791           4.424           2.314           0.764
       332      4.241           4.243           4.805           4.456           2.816           0.681
       333      4.328           4.330           4.888           4.539           2.893           0.628
       334      4.709           4.708           5.176           4.877           2.506           0.547
       335      4.545           4.541           5.104           4.766           2.570           0.551
       336      4.053           4.051           4.661           4.297           2.474           0.824
       337      4.571           4.565           5.101           4.775           2.751           0.547
       338      4.445           4.439           5.006           4.664           2.337           0.684
       339      4.194           4.190           4.757           4.409           2.616           0.701
       340      3.922           3.924           4.558           4.168           2.492           0.537
       341      4.454           4.452           4.981           4.651           3.261           1.383
       342      4.526           4.535           4.988           4.688           2.692           1.250
       343      4.527           4.525           5.020           4.711           3.392           1.341
       344      4.223           4.229           4.772           4.431           2.737           1.377
       345      4.235           4.237           4.795           4.448           3.328           1.402
       346      4.536           4.535           5.099           4.755           2.775           1.355
       347      4.596           4.598           5.161           4.824           2.625           0.678
       348      4.465           4.462           5.012           4.677           2.793           0.483
       349      4.361           4.364           4.861           4.546           2.653           0.712
       350      4.552           4.556           5.111           4.773           2.688           0.715
       351      4.657           4.669           5.139           4.839           3.157           1.255
       352      4.434           4.446           4.918           4.611           2.437           1.252
       353      4.676           4.686           5.141           4.840           2.813           1.215
       354      4.529           4.542           4.965           4.679           2.605           1.241
       355      4.679           4.699           5.142           4.860           3.341           1.243
       356      4.403           4.423           4.889           4.590           3.370           1.437
       357      4.398           4.417           4.888           4.587           2.719           1.155
       358      4.492           4.512           4.973           4.673           3.020           1.228
       359      4.062           4.077           4.610           4.271           2.663           1.271
       360      4.586           4.600           5.072           4.770           3.391           1.210
       361      4.360           4.381           4.908           4.572           3.354           1.343
       362      4.557           4.571           5.036           4.730           2.902           1.203
       363      4.376           4.390           4.875           4.557           2.922           1.273
       364      4.204           4.230           4.719           4.403           3.448           1.287
       365      4.321           4.338           4.836           4.516           3.008           1.213
       366      4.263           4.279           4.773           4.462           2.688           1.257
       367      4.351           4.369           4.826           4.525           3.256           1.312
       368      4.493           4.510           4.977           4.674           2.815           1.232
       369      4.266           4.276           4.831           4.492           2.742           1.386
       370      4.546           4.564           5.062           4.747           3.313           1.341
       371      4.216           4.232           4.779           4.435           2.629           1.289
       372      4.421           4.436           4.988           4.646           2.922           1.257
       373      4.227           4.241           4.828           4.465           2.312           1.256
       374      4.511           4.522           5.102           4.750           3.746           1.324
       375      4.380           4.391           4.949           4.604           3.115           1.269
       376      4.457           4.472           4.994           4.665           3.405           1.265
       377      4.092           4.106           4.676           4.318           2.772           1.381
       378      4.398           4.417           4.895           4.579           3.029           1.349
       379      4.363           4.381           4.872           4.553           2.821           1.285
       380      4.265           4.295           4.784           4.457           3.266           1.256
       381      4.381           4.403           4.930           4.594           3.076           1.283
       382      4.565           4.595           5.023           4.727           3.689           1.436
       383      4.510           4.532           4.996           4.688           3.036           1.276
       384      4.768           4.786           5.205           4.917           3.419           1.331
       385      4.503           4.523           4.955           4.662           3.124           1.303
       386      4.707           4.732           5.117           4.850           3.189           1.279
       387      4.602           4.622           5.041           4.754           3.275           1.275
       388      4.219           4.238           4.703           4.389           2.496           1.299
       389      4.091           4.110           4.603           4.272           2.356           1.232
       390      3.959           3.989           4.432           4.128           2.044           1.186
       391      4.028           4.049           4.513           4.197           2.290           1.271
       392      4.251           4.273           4.746           4.430           2.856           1.332
       393      4.388           4.409           4.864           4.560           3.158           1.232
       394      4.136           4.161           4.623           4.313           2.480           1.244
       395      4.483           4.507           4.919           4.641           2.851           1.210
       396      4.541           4.567           4.933           4.672           2.959           1.333
       397      4.615           4.631           5.042           4.761           3.592           1.298
       398      4.191           4.212           4.624           4.336           2.463           1.188
       399      4.394           4.413           4.842           4.554           2.898           1.174
       400      4.259           4.282           4.661           4.398           2.403           1.229
       401      4.118           4.138           4.558           4.268           2.464           1.238
       402      4.250           4.272           4.686           4.406           2.812           1.265
       403      4.326           4.339           4.829           4.516           2.908           1.254
       404      4.412           4.431           4.863           4.576           2.966           1.327
       405      4.326           4.345           4.758           4.474           2.761           1.397
       406      4.250           4.267           4.687           4.401           3.014           1.225
       407      4.344           4.345           4.789           4.490           3.112           1.352
       408      4.300           4.312           4.699           4.426           2.814           1.271
       409      4.217           4.224           4.672           4.367           2.340           1.264
       410      4.245           4.245           4.743           4.419           2.409           1.172
       411      4.009           4.008           4.558           4.201           2.962           1.238
       412      4.105           4.109           4.583           4.254           2.575           1.195
       413      4.098           4.101           4.630           4.294           2.585           1.135
       414      4.099           4.093           4.639           4.286           3.188           1.130
       415      4.291           4.290           4.776           4.462           3.227           1.165
       416      4.192           4.194           4.711           4.379           3.181           1.281
       417      4.258           4.263           4.758           4.441           3.262           1.351
       418      4.272           4.273           4.754           4.446           3.158           1.316
       419      4.244           4.243           4.724           4.411           3.434           1.289
       420      4.292           4.289           4.807           4.489           3.838           1.435
       421      4.329           4.333           4.850           4.531           3.899           1.492
       422      4.082           4.083           4.664           4.308           3.179           1.426
       423      4.197           4.196           4.760           4.407           3.461           1.298
       424      4.168           4.163           4.734           4.378           2.956           1.073
       425      4.320           4.320           4.837           4.511           3.277           1.175
       426      4.192           4.190           4.731           4.380           3.454           1.129
       427      4.365           4.373           4.862           4.543           4.062           1.353
       428      3.993           3.991           4.525           4.178           2.960           1.073
       429      4.268           4.267           4.752           4.432           2.849           1.164
       430      4.319           4.324           4.765           4.461           2.996           1.170
       431      4.131           4.130           4.649           4.313           3.062           1.172
       432      4.194           4.195           4.696           4.363           3.643           1.214
       433      4.277           4.283           4.734           4.434           3.899           1.398
       434      4.321           4.328           4.796           4.489           3.766           1.292
       435      4.048           4.049           4.580           4.237           3.599           1.290
       436      4.257           4.271           4.750           4.434           3.577           1.267
       437      4.286           4.303           4.749           4.447           3.163           1.374
       438      4.237           4.248           4.740           4.426           3.540           1.252
       439      4.423           4.433           4.906           4.597           3.759           1.211
       440      4.608           4.618           5.097           4.783           3.644           1.198
       441      4.899           4.900           5.325           5.040           4.333           1.367
       442      4.556           4.556           4.993           4.698           3.857           0.799
       443      4.503           4.508           4.986           4.672           3.223           0.696
       444      4.559           4.556           5.017           4.707           3.977           0.709
       445      4.206           4.207           4.679           4.354           3.423           0.684
       446      4.344           4.344           4.786           4.480           3.359           0.786
       447      4.465           4.464           4.914           4.610           3.432           0.417
       448      4.157           4.158           4.640           4.321           3.243           0.628
       449      3.892           3.897           4.410           4.055           2.681           0.523
       450      3.991           3.998           4.462           4.135           3.489           0.560
       451      4.325           4.343           4.771           4.462           3.237           0.427
       452      4.485           4.497           4.901           4.610           3.225           0.565
       453      4.163           4.169           4.676           4.339           3.101           0.620
       454      4.137           4.147           4.680           4.337           2.512           0.642
       455      4.251           4.252           4.773           4.424           3.055           0.423
       456      4.249           4.251           4.782           4.441           3.159           0.633
       457      4.417           4.422           4.851           4.556           2.926           0.522
       458      4.512           4.522           4.944           4.653           3.056           0.557
       459      4.298           4.306           4.774           4.464           3.155           0.427
       460      4.080           4.082           4.578           4.245           2.824           0.470
       461      4.020           4.022           4.544           4.205           2.931           0.510
       462      4.084           4.082           4.652           4.289           2.865           0.684
       463      4.134           4.132           4.658           4.316           2.783           0.405
       464      3.918           3.919           4.482           4.119           2.752           0.537
       465      4.241           4.239           4.752           4.420           3.055           0.416
       466      4.342           4.342           4.854           4.513           3.123           0.433
       467      3.967           3.969           4.563           4.186           2.203           0.379
       468      4.446           4.445           4.995           4.642           3.336           0.639
       469      4.430           4.434           4.944           4.614           3.231           0.564
       470      4.130           4.126           4.714           4.345           3.832           0.754
       471      4.277           4.275           4.821           4.477           3.079           0.624
       472      4.170           4.171           4.756           4.386           2.328           0.460
       473      4.122           4.117           4.708           4.333           2.805           0.852
       474      4.160           4.161           4.706           4.357           2.898           0.416
       475      4.446           4.447           4.928           4.612           3.181           0.594
       476      4.224           4.228           4.744           4.407           3.442           0.809
       477      4.238           4.240           4.747           4.411           3.267           0.704
       478      4.285           4.280           4.810           4.467           2.568           0.486
       479      4.494           4.498           4.960           4.651           3.931           0.741
       480      4.072           4.072           4.658           4.289           2.635           0.400
       481      4.336           4.333           4.833           4.500           3.885           0.774
       482      4.226           4.224           4.767           4.414           3.735           0.857
       483      4.146           4.138           4.693           4.353           3.212           1.258
       484      4.052           4.060           4.615           4.267           3.923           0.932
       485      4.187           4.184           4.757           4.401           3.813           1.311
       486      4.174           4.173           4.738           4.379           4.150           1.206
       487      4.236           4.240           4.816           4.466           3.569           1.273
       488      3.991           3.991           4.607           4.224           3.550           1.226
       489      4.367           4.373           4.883           4.563           3.480           0.820
       490      4.495           4.485           5.010           4.683           3.760           0.904
       491      4.226           4.215           4.787           4.434           3.732           1.274
       492      3.930           3.926           4.570           4.179           2.873           1.222
       493      4.050           4.052           4.647           4.283           3.498           1.301
       494      3.935           3.932           4.548           4.171           3.301           1.289
       495      3.922           3.925           4.525           4.155           4.067           1.265
       496      3.907           3.908           4.483           4.119           3.237           1.212
       497      3.917           3.915           4.489           4.123           3.351           1.288
       498      3.837           3.843           4.430           4.067           3.368           1.283
       499      3.825           3.826           4.436           4.059           3.400           1.235
       500      3.928           3.931           4.557           4.172           3.676           1.347
       501      4.128           4.126           4.726           4.363           4.104           1.210
       502      4.252           4.246           4.850           4.485           4.139           1.330
       503      3.950           3.952           4.552           4.186           3.393           1.253
       504      3.791           3.791           4.404           4.025           3.300           1.213
       505      3.978           3.979           4.649           4.251           3.621           0.917
       506      3.926           3.924           4.567           4.176           3.355           0.817
       507      3.974           3.971           4.653           4.247           3.918           1.283
       508      4.084           4.084           4.724           4.340           4.092           1.187
       509      4.021           4.022           4.653           4.273           4.380           0.729
       510      3.857           3.854           4.516           4.117           4.266           0.668
       511      4.166           4.161           4.790           4.411           4.629           1.022
       512      4.110           4.103           4.765           4.378           4.283           1.328
       513      4.260           4.261           4.849           4.496           4.266           1.229
       514      3.845           3.849           4.490           4.109           3.801           1.247
       515      4.005           4.007           4.619           4.249           4.110           1.288
       516      3.928           3.931           4.535           4.161           3.343           1.295
       517      4.093           4.089           4.695           4.320           3.725           1.279
       518      4.232           4.228           4.755           4.413           4.172           1.168
       519      4.170           4.166           4.734           4.369           4.172           1.291
       520      4.165           4.162           4.718           4.361           3.877           1.266
       521      4.148           4.141           4.745           4.365           4.295           0.913
       522      4.000           4.008           4.565           4.207           3.727           1.223
       523      4.179           4.182           4.705           4.356           4.008           1.288
       524      4.161           4.153           4.693           4.339           4.023           1.240
       525      4.128           4.127           4.674           4.314           3.729           1.217
       526      4.238           4.247           4.726           4.400           3.945           1.225
       527      4.559           4.569           5.063           4.735           4.103           1.266
       528      4.176           4.182           4.714           4.362           3.728           1.285
       529      3.917           3.917           4.481           4.107           3.401           1.288
       530      4.169           4.174           4.675           4.340           4.269           1.371
       531      4.345           4.352           4.831           4.497           3.959           1.300
       532      4.289           4.306           4.735           4.431           3.796           1.369
       533      4.180           4.200           4.588           4.285           3.828           1.360
       534      4.022           4.032           4.512           4.178           3.757           1.342
       535      4.249           4.258           4.697           4.383           3.897           1.428
       536      3.899           3.905           4.407           4.057           3.187           1.313
       537      4.064           4.073           4.569           4.227           3.597           1.420
       538      3.947           3.955           4.469           4.116           3.672           1.440
       539      4.009           4.012           4.501           4.158           3.954           1.465
       540      4.064           4.077           4.491           4.180           3.664           1.160
       541      4.143           4.158           4.614           4.293           3.149           1.141
       542      3.966           3.978           4.512           4.151           3.187           1.395
       543      3.768           3.780           4.356           3.978           3.390           1.100
       544      3.886           3.904           4.436           4.084           3.186           1.058
       545      3.892           3.907           4.457           4.089           3.084           1.156
       546      3.937           3.944           4.522           4.149           2.963           1.037
       547      3.921           3.922           4.483           4.119           3.207           1.259
       548      4.015           4.017           4.597           4.226           3.626           1.169
       549      4.056           4.060           4.597           4.250           3.099           1.098
       550      3.987           3.987           4.545           4.190           2.869           1.160
       551      4.202           4.205           4.723           4.385           3.679           1.098
       552      4.126           4.135           4.650           4.314           3.263           1.127
       553      4.240           4.261           4.715           4.407           3.607           1.091
       554      4.280           4.294           4.786           4.467           3.680           1.191
       555      4.290           4.306           4.828           4.496           3.410           1.105
       556      4.105           4.126           4.627           4.298           3.111           1.243
       557      4.141           4.168           4.608           4.301           2.952           1.147
       558      3.800           3.825           4.363           4.013           3.694           1.337
       559      4.136           4.151           4.674           4.337           3.121           1.229
       560      4.010           4.034           4.491           4.179           3.184           1.220
       561      3.877           3.894           4.448           4.090           2.870           1.320
       562      3.893           3.898           4.474           4.112           3.268           1.372
       563      4.105           4.109           4.669           4.318           3.542           1.470
       564      4.190           4.193           4.777           4.421           3.339           1.241
       565      3.974           3.985           4.540           4.189           3.172           1.339
       566      3.694           3.702           4.289           3.915           2.928           1.219
       567      4.179           4.194           4.703           4.385           3.156           1.222
       568      3.947           3.962           4.514           4.166           3.383           1.358
       569      4.324           4.342           4.827           4.514           3.709           1.124
       570      4.007           4.020           4.628           4.255           3.263           1.103
       571      4.267           4.277           4.806           4.473           3.821           1.360
       572      4.288           4.294           4.820           4.482           3.678           1.345
       573      4.090           4.103           4.634           4.299           3.180           0.699
       574      4.237           4.243           4.790           4.457           2.836           0.681
       575      4.313           4.316           4.885           4.543           3.537           1.455
       576      4.077           4.081           4.665           4.311           3.127           1.426
       577      4.338           4.347           4.903           4.565           3.947           1.493
       578      4.032           4.039           4.659           4.285           3.784           1.356
       579      4.134           4.141           4.746           4.381           3.748           1.353
       580      4.276           4.285           4.833           4.495           4.045           1.363
       581      4.313           4.318           4.870           4.526           3.960           1.436
       582      4.161           4.167           4.703           4.359           3.904           1.424
       583      4.179           4.195           4.726           4.393           3.739           1.311
       584      4.248           4.253           4.827           4.479           3.930           1.355
       585      4.070           4.074           4.660           4.301           3.936           1.390
       586      4.271           4.275           4.826           4.484           3.611           1.332
       587      4.040           4.047           4.604           4.259           3.943           1.434
       588      4.213           4.214           4.800           4.445           4.043           1.375
       589      4.055           4.071           4.608           4.269           4.119           1.368
       590      3.987           3.997           4.580           4.213           3.386           1.263
       591      4.178           4.192           4.698           4.373           3.218           1.330
       592      4.164           4.172           4.717           4.374           3.910           1.346
       593      4.202           4.212           4.695           4.376           3.194           1.300
       594      4.157           4.162           4.726           4.374           3.673           1.313
       595      4.162           4.168           4.720           4.371           3.458           1.389
       596      4.121           4.132           4.648           4.317           3.674           1.373
       597      4.209           4.214           4.773           4.423           3.454           1.353
       598      4.003           4.021           4.564           4.211           3.406           1.379
       599      4.260           4.275           4.790           4.465           3.492           1.460
       600      3.943           3.948           4.582           4.200           3.882           1.382
       601      4.101           4.104           4.667           4.326           3.700           1.354
       602      4.112           4.119           4.656           4.322           3.214           1.359
       603      4.242           4.249           4.820           4.472           3.284           1.353
       604      3.721           3.721           4.389           3.998           2.540           1.404
       605      3.986           3.995           4.566           4.212           2.912           1.332
       606      4.161           4.177           4.632           4.327           3.588           1.336
       607      3.781           3.795           4.357           4.008           3.192           1.271
       608      4.032           4.040           4.631           4.276           3.557           1.380
       609      4.085           4.099           4.632           4.295           3.879           1.377
       610      3.979           3.984           4.539           4.182           3.394           1.393
       611      4.248           4.262           4.688           4.387           3.562           1.289
       612      4.336           4.350           4.771           4.479           3.810           1.443
       613      4.264           4.272           4.721           4.414           3.749           1.258
       614      4.329           4.346           4.749           4.466           3.612           1.284
       615      4.477           4.491           4.913           4.631           3.704           1.399
       616      4.675           4.689           5.088           4.812           3.399           1.269
       617      4.461           4.474           4.852           4.580           3.695           1.391
       618      4.744           4.762           5.127           4.868           3.992           1.367
       619      4.753           4.765           5.222           4.923           3.973           1.454
       620      4.676           4.688           5.099           4.815           3.788           1.341
       621      4.614           4.626           5.026           4.742           4.120           1.441
       622      4.342           4.356           4.793           4.483           3.885           1.395
       623      4.493           4.509           4.898           4.616           4.137           1.338
       624      4.692           4.704           5.117           4.823           4.408           1.338
       625      4.455           4.467           4.869           4.575           3.170           1.289
       626      5.038           5.058           5.414           5.159           4.360           1.364
       627      4.562           4.579           4.996           4.704           3.401           1.239
       628      4.633           4.646           5.068           4.781           3.301           1.416
       629      4.677           4.684           5.103           4.817           3.480           1.298
       630      4.593           4.595           4.999           4.716           3.539           1.341
       631      4.265           4.269           4.663           4.366           3.105           1.341
       632      4.248           4.249           4.724           4.393           3.108           1.298
       633      4.172           4.176           4.664           4.335           3.326           1.344
       634      4.213           4.219           4.714           4.381           3.388           1.348
       635      4.266           4.270           4.807           4.468           3.705           1.429
       636      4.131           4.134           4.619           4.292           3.414           1.389
       637      4.242           4.248           4.716           4.395           3.160           1.280
       638      4.340           4.350           4.832           4.512           3.194           1.325
       639      4.548           4.553           5.047           4.729           3.050           1.355
       640      4.627           4.633           5.085           4.778           3.450           1.351
       641      4.463           4.466           4.956           4.627           3.648           1.321
       642      4.406           4.415           4.840           4.538           3.712           1.310
       643      4.515           4.520           4.995           4.682           3.736           1.323
       644      4.573           4.580           5.032           4.733           3.222           1.240
       645      4.631           4.643           5.091           4.788           4.020           1.354
       646      4.659           4.667           5.156           4.841           3.630           1.360
       647      4.661           4.656           5.154           4.824           2.922           1.114
       648      4.478           4.496           4.907           4.609           3.148           1.149
       649      4.427           4.442           4.875           4.572           3.344           1.017
       650      4.486           4.507           4.861           4.587           3.148           1.130
       651      4.627           4.637           5.050           4.760           3.453           1.239
       652      4.882           4.894           5.291           5.017           3.725           1.172
       653      4.485           4.500           4.862           4.583           3.464           1.238
       654      4.701           4.723           5.025           4.780           3.189           1.319
       655      4.514           4.526           4.923           4.641           3.698           1.353
       656      4.553           4.571           4.916           4.645           3.588           1.351
       657      4.447           4.463           4.846           4.559           3.838           1.389
       658      4.688           4.695           5.071           4.790           3.598           1.350
       659      4.431           4.440           4.804           4.521           3.420           1.385
       660      4.514           4.528           4.935           4.639           3.548           1.409
       661      4.408           4.420           4.849           4.547           3.416           1.319
       662      4.479           4.497           4.903           4.611           4.346           1.346
       663      4.353           4.367           4.759           4.475           3.729           1.239
       664      4.535           4.547           4.960           4.670           3.744           1.377
       665      4.211           4.223           4.653           4.344           3.391           1.317
       666      4.692           4.704           5.089           4.820           3.359           1.282
       667      4.642           4.651           5.108           4.809           3.892           1.350
       668      4.344           4.356           4.805           4.496           3.401           1.375
       669      4.278           4.287           4.753           4.424           2.687           1.251
       670      4.427           4.441           4.828           4.543           2.713           1.221
       671      4.210           4.223           4.657           4.352           2.948           1.215
       672      3.998           4.021           4.426           4.126           3.145           1.377
       673      4.111           4.126           4.530           4.225           3.222           1.401
       674      3.961           3.976           4.412           4.092           3.372           1.366
       675      4.092           4.097           4.586           4.251           3.106           1.380
       676      4.104           4.105           4.579           4.254           3.054           1.404
       677      4.188           4.196           4.688           4.350           3.242           1.355
       678      3.892           3.891           4.409           4.055           3.063           1.481
       679      4.251           4.250           4.750           4.418           2.758           1.197
       680      4.298           4.298           4.794           4.460           2.635           0.674
       681      4.128           4.125           4.627           4.287           2.006           0.647
       682      4.254           4.249           4.760           4.420           3.037           0.866
       683      4.285           4.285           4.781           4.446           2.839           0.609
       684      4.005           4.002           4.549           4.184           2.340           0.429
       685      4.074           4.082           4.613           4.257           2.924           1.121
       686      4.112           4.128           4.620           4.284           2.625           1.218
       687      4.110           4.115           4.640           4.284           2.555           1.295
       688      4.183           4.194           4.649           4.326           3.407           1.330
       689      4.311           4.328           4.755           4.452           2.923           1.254
       690      4.189           4.205           4.635           4.323           3.232           1.192
       691      4.183           4.197           4.660           4.333           3.057           1.318
       692      4.059           4.078           4.541           4.212           3.216           1.277
       693      4.197           4.206           4.664           4.346           3.286           1.208
       694      4.358           4.372           4.835           4.524           3.180           1.219
       695      4.198           4.211           4.693           4.361           3.091           1.193
       696      4.231           4.248           4.757           4.424           3.210           0.454
       697      4.419           4.427           4.905           4.582           3.423           0.698
       698      4.172           4.183           4.678           4.344           3.172           0.653
       699      4.256           4.265           4.731           4.411           3.400           0.740
       700      4.190           4.200           4.682           4.358           3.495           0.646
       701      4.545           4.549           4.995           4.697           2.955           0.700
       702      4.381           4.386           4.839           4.528           3.715           1.314
       703      4.529           4.538           4.990           4.682           3.670           1.186
       704      4.325           4.336           4.781           4.469           3.289           1.362
       705      4.225           4.235           4.725           4.391           3.059           0.551
       706      4.114           4.132           4.635           4.297           3.065           1.277
       707      4.344           4.355           4.794           4.491           3.589           1.265
       708      4.413           4.423           4.875           4.561           3.380           1.230
       709      4.174           4.181           4.686           4.346           3.331           1.169
       710      3.989           3.987           4.507           4.148           3.517           1.361
       711      4.343           4.342           4.809           4.488           3.990           1.281
       712      4.328           4.320           4.831           4.496           4.106           1.373
       713      4.203           4.197           4.725           4.371           3.761           0.575
       714      4.190           4.193           4.696           4.352           3.821           1.306
       715      4.265           4.275           4.739           4.414           2.560           1.284
       716      4.169           4.179           4.691           4.338           3.045           1.259
       717      4.081           4.085           4.622           4.263           3.462           1.365
       718      4.203           4.199           4.786           4.409           2.957           1.268
       719      4.158           4.160           4.671           4.322           3.244           1.291
       720      3.983           3.990           4.536           4.173           3.544           1.377
       721      3.993           4.002           4.507           4.160           3.655           1.219
       722      4.065           4.076           4.584           4.235           2.925           1.253
       723      4.148           4.149           4.652           4.303           3.207           1.317
       724      4.117           4.133           4.583           4.263           2.858           1.289
       725      4.230           4.232           4.698           4.364           3.250           1.346
       726      4.012           4.020           4.525           4.176           3.145           1.351
       727      4.233           4.243           4.740           4.410           2.750           1.217
       728      4.176           4.182           4.727           4.368           2.410           1.255
       729      4.035           4.040           4.575           4.219           2.576           1.329
       730      4.150           4.155           4.671           4.321           3.155           1.314
       731      4.168           4.174           4.650           4.324           2.916           1.325
       732      4.176           4.177           4.682           4.338           3.063           0.790
       733      4.086           4.087           4.586           4.246           2.694           0.956
       734      4.098           4.102           4.545           4.228           2.908           1.345
       735      4.316           4.311           4.786           4.456           2.349           1.156
       736      4.010           3.999           4.595           4.210           2.807           1.298
       737      4.143           4.142           4.684           4.326           2.905           0.691
       738      4.291           4.290           4.806           4.464           2.959           0.543
       739      4.080           4.073           4.649           4.279           3.260           1.217
       740      4.017           4.025           4.566           4.204           2.684           1.260
       741      4.036           4.037           4.568           4.213           2.916           1.229
       742      4.027           4.024           4.555           4.201           2.805           1.213
       743      3.907           3.914           4.420           4.071           2.922           1.215
       744      3.949           3.948           4.539           4.160           3.183           1.318
       745      3.848           3.845           4.422           4.052           3.062           1.270
       746      4.036           4.033           4.571           4.221           2.887           1.205
       747      3.841           3.835           4.420           4.036           2.199           1.237
       748      4.037           4.041           4.524           4.192           2.688           1.241
       749      3.958           3.959           4.512           4.144           2.530           1.301
       750      3.919           3.914           4.481           4.106           2.144           1.236
       751      3.909           3.907           4.499           4.120           2.314           1.197
       752      3.779           3.768           4.408           4.000           2.250           1.220
       753      3.736           3.734           4.385           3.967           1.782           1.195
       754      4.050           4.048           4.601           4.239           2.906           1.286
       755      4.035           4.035           4.597           4.241           2.586           1.312
       756      3.935           3.937           4.496           4.130           2.714           1.159
       757      3.607           3.603           4.178           3.800           2.625           1.252
       758      3.811           3.813           4.388           4.014           2.602           1.277
       759      3.754           3.754           4.348           3.962           2.532           1.285
       760      3.888           3.885           4.471           4.087           2.309           1.201
       761      3.893           3.893           4.485           4.101           2.893           1.281
       762      3.869           3.882           4.400           4.050           2.503           1.242
       763      4.074           4.082           4.620           4.262           2.725           1.165
       764      4.059           4.056           4.589           4.231           3.080           1.383
       765      4.165           4.169           4.662           4.324           2.511           0.663
       766      3.926           3.928           4.476           4.115           2.801           1.273
       767      3.821           3.822           4.412           4.019           2.621           1.184
       768      3.798           3.801           4.377           3.998           2.800           1.203
       769      3.941           3.950           4.505           4.139           3.001           1.246
       770      3.926           3.922           4.516           4.128           2.630           1.328
       771      3.900           3.896           4.486           4.093           3.318           1.511
       772      4.059           4.052           4.672           4.273           3.000           1.189
       773      3.942           3.937           4.529           4.138           2.971           1.368
       774      3.973           3.971           4.523           4.160           2.985           0.868
       775      4.168           4.159           4.704           4.346           2.734           1.221
       776      3.844           3.848           4.435           4.047           2.567           1.162
       777      4.114           4.109           4.666           4.303           3.182           1.338
       778      3.936           3.949           4.500           4.133           2.564           1.183
       779      3.824           3.837           4.447           4.061           2.880           1.318
       780      3.760           3.768           4.363           3.976           2.591           1.229
       781      3.823           3.833           4.422           4.034           2.349           1.146
       782      4.016           4.036           4.584           4.222           2.573           1.290
       783      4.043           4.056           4.574           4.227           2.764           1.196
       784      4.208           4.220           4.741           4.400           2.938           1.248
       785      3.934           3.950           4.443           4.112           2.908           1.239
       786      4.142           4.157           4.685           4.345           2.449           1.200
       787      3.907           3.925           4.451           4.102           2.583           1.247
       788      3.815           3.825           4.381           4.013           1.978           1.197
       789      3.943           3.953           4.509           4.142           2.181           1.241
       790      3.939           3.951           4.483           4.122           2.833           1.268
       791      4.032           4.040           4.590           4.233           2.921           1.228
       792      4.108           4.118           4.607           4.280           3.119           1.193
       793      4.052           4.066           4.596           4.250           3.107           1.298
       794      3.954           3.957           4.528           4.160           2.830           1.333
       795      4.313           4.321           4.811           4.483           3.070           1.348
       796      4.266           4.275           4.767           4.443           2.739           1.209
       797      4.051           4.065           4.582           4.238           3.046           1.254
       798      4.138           4.147           4.707           4.343           2.595           1.166
       799      4.249           4.254           4.790           4.439           3.077           1.359
       800      4.003           4.004           4.561           4.198           3.038           1.308
       801      3.929           3.932           4.528           4.148           2.393           0.872
       802      4.050           4.053           4.625           4.256           2.931           0.618
       803      3.907           3.906           4.501           4.125           3.280           0.579
       804      4.025           4.027           4.639           4.264           2.426           0.500
       805      4.138           4.142           4.702           4.349           2.275           0.723
       806      4.174           4.182           4.685           4.351           2.639           1.210
       807      4.274           4.281           4.748           4.427           3.365           1.149
       808      4.050           4.066           4.583           4.233           2.544           1.217
       809      4.114           4.129           4.604           4.271           2.682           1.146
       810      4.303           4.319           4.773           4.458           3.259           1.292
       811      4.445           4.459           4.874           4.586           3.542           1.271
       812      4.326           4.338           4.791           4.480           3.035           1.194
       813      4.149           4.163           4.597           4.289           3.471           1.165
       814      4.230           4.242           4.746           4.414           3.045           1.123
       815      4.126           4.136           4.640           4.307           2.470           1.271
       816      3.852           3.865           4.397           4.041           1.982           1.250
       817      4.349           4.352           4.897           4.537           3.372           1.503
       818      3.946           3.959           4.502           4.146           2.899           1.444
       819      4.037           4.042           4.577           4.227           2.104           1.304
       820      4.007           4.017           4.543           4.195           3.123           1.267
       821      4.236           4.243           4.796           4.439           3.242           1.209
       822      4.250           4.256           4.800           4.446           2.921           1.153
       823      4.409           4.420           4.893           4.573           3.629           1.324
       824      4.228           4.238           4.757           4.418           2.904           1.207
       825      4.584           4.591           5.054           4.744           3.528           1.289
       826      4.297           4.299           4.846           4.494           3.324           1.219
       827      3.919           3.930           4.493           4.133           2.632           1.255
       828      4.258           4.274           4.793           4.452           2.974           1.112
       829      4.108           4.119           4.657           4.302           2.586           1.202
       830      4.524           4.537           5.042           4.712           3.151           0.733
       831      4.023           4.028           4.563           4.206           3.177           1.272
       832      4.026           4.033           4.586           4.215           2.855           1.223
       833      4.107           4.115           4.677           4.315           2.655           1.188
       834      3.965           3.971           4.547           4.172           2.754           1.427
       835      4.037           4.039           4.550           4.204           3.369           1.297
       836      4.331           4.348           4.791           4.482           3.322           1.189
       837      4.068           4.078           4.594           4.246           3.110           1.162
       838      3.877           3.892           4.402           4.047           3.279           1.216
       839      4.083           4.098           4.563           4.237           3.234           1.229
       840      4.045           4.059           4.544           4.206           3.157           1.325
       841      3.968           3.987           4.480           4.140           3.093           1.372
       842      4.038           4.056           4.544           4.211           3.280           1.205
       843      4.264           4.275           4.760           4.432           3.137           1.260
       844      4.143           4.155           4.643           4.317           2.867           1.325
       845      3.911           3.918           4.458           4.094           3.057           1.249
       846      4.026           4.033           4.538           4.195           3.015           0.423
       847      4.088           4.097           4.611           4.273           2.863           0.453
       848      3.881           3.892           4.400           4.056           2.575           0.542
       849      3.787           3.792           4.358           3.978           2.680           1.240
       850      3.960           3.960           4.492           4.139           3.181           1.282
       851      3.964           3.959           4.492           4.140           2.379           0.423
       852      4.004           4.001           4.510           4.158           2.755           0.525
       853      3.714           3.712           4.321           3.923           1.912           0.475
       854      3.846           3.853           4.370           4.015           2.228           0.325
       855      3.764           3.769           4.314           3.944           1.940           0.369
       856      3.764           3.764           4.297           3.928           1.932           0.375
       857      3.898           3.897           4.434           4.068           2.261           0.549
       858      4.145           4.148           4.621           4.288           1.693           0.438
       859      3.920           3.926           4.432           4.082           2.337           0.415
       860      3.826           3.828           4.396           4.015           2.420           0.359
       861      3.820           3.820           4.379           4.002           2.164           0.369
       862      3.904           3.906           4.399           4.047           2.591           0.720
       863      3.784           3.789           4.312           3.950           2.085           0.522
       864      3.816           3.813           4.340           3.982           2.205           0.424
       865      3.916           3.916           4.480           4.105           1.853           0.528
       866      3.999           3.995           4.491           4.145           2.332           0.763
       867      3.945           3.941           4.472           4.105           2.343           0.638
       868      4.082           4.077           4.621           4.263           2.234           0.439
       869      4.054           4.044           4.564           4.212           2.905           0.724
       870      4.038           4.032           4.584           4.222           2.719           1.147
       871      4.237           4.233           4.762           4.407           2.753           1.077
       872      4.115           4.108           4.665           4.303           2.349           0.584
       873      3.968           3.963           4.511           4.143           2.413           0.580
       874      3.978           3.972           4.528           4.159           2.944           1.351
       875      4.089           4.079           4.640           4.266           2.327           0.583
       876      4.121           4.114           4.651           4.293           2.630           0.722
       877      3.974           3.970           4.557           4.175           2.218           0.468
       878      4.190           4.198           4.706           4.369           3.587           1.350
       879      4.184           4.192           4.684           4.353           3.201           1.284
       880      4.272           4.282           4.752           4.428           2.026           1.167
       881      4.081           4.092           4.590           4.245           2.779           1.254
       882      4.131           4.128           4.646           4.297           2.791           1.297
       883      4.324           4.321           4.863           4.505           1.714           0.299
       884      4.075           4.075           4.629           4.263           2.255           0.556
       885      4.202           4.204           4.711           4.370           2.122           0.638
       886      4.090           4.091           4.630           4.264           1.583           0.338
       887      4.217           4.211           4.741           4.386           2.011           0.387
       888      4.153           4.150           4.720           4.350           2.258           0.813
       889      4.101           4.097           4.693           4.307           2.740           1.314
       890      4.065           4.060           4.655           4.268           2.416           1.194
       891      4.004           4.004           4.567           4.191           2.375           1.324
       892      3.982           3.986           4.528           4.152           1.707           0.483
       893      4.089           4.089           4.636           4.260           1.647           0.534
       894      3.985           3.978           4.568           4.177           2.380           0.774
       895      4.018           4.017           4.593           4.210           1.951           0.495
       896      4.110           4.106           4.644           4.281           2.115           0.645
       897      3.939           3.937           4.473           4.101           2.309           0.650
       898      4.295           4.292           4.826           4.468           3.088           1.225
       899      3.926           3.926           4.479           4.110           3.111           1.297
       900      4.091           4.096           4.604           4.264           3.202           1.248
       901      4.081           4.077           4.652           4.276           2.167           1.266
       902      4.021           4.025           4.576           4.207           2.661           1.332
       903      3.955           3.949           4.522           4.137           2.576           1.237
       904      4.094           4.096           4.602           4.252           2.318           1.188
       905      4.195           4.199           4.670           4.337           2.940           1.360
       906      4.075           4.082           4.570           4.225           1.939           0.542
       907      4.114           4.113           4.621           4.271           1.984           0.579
       908      4.199           4.207           4.706           4.363           2.678           1.301
       909      3.915           3.915           4.468           4.095           2.229           1.236
       910      4.226           4.227           4.730           4.385           2.984           1.283
       911      4.176           4.176           4.656           4.317           2.824           1.267
       912      4.060           4.057           4.568           4.215           2.693           1.350
       913      4.079           4.077           4.600           4.244           2.366           0.574
       914      4.179           4.180           4.639           4.308           2.638           1.127
       915      4.295           4.301           4.770           4.444           2.294           1.092
       916      4.170           4.172           4.688           4.327           3.017           1.226
       917      4.024           4.027           4.577           4.210           2.460           0.659
       918      4.131           4.128           4.642           4.290           2.448           0.737
       919      4.110           4.103           4.630           4.272           1.950           0.516
       920      4.083           4.072           4.625           4.260           2.919           1.283
       921      3.885           3.875           4.441           4.058           2.026           1.164
       922      4.293           4.298           4.798           4.452           2.754           1.186
       923      4.242           4.237           4.749           4.403           2.769           1.241
       924      4.327           4.325           4.824           4.479           3.165           1.346
       925      4.190           4.185           4.676           4.339           2.764           1.382
       926      4.395           4.397           4.854           4.538           2.411           0.480
       927      4.186           4.185           4.654           4.322           2.715           0.694
       928      4.155           4.153           4.677           4.324           2.050           0.694
       929      4.278           4.272           4.764           4.429           2.851           1.303
       930      4.130           4.129           4.587           4.262           2.844           1.295
       931      4.225           4.224           4.702           4.372           2.577           1.263
       932      4.179           4.186           4.673           4.338           2.848           1.283
       933      4.141           4.153           4.585           4.272           2.634           1.271
       934      4.141           4.147           4.612           4.286           2.450           1.284
       935      4.289           4.302           4.683           4.395           2.479           1.261
       936      4.389           4.393           4.789           4.494           2.953           1.303
       937      4.181           4.186           4.607           4.295           2.312           1.231
       938      4.111           4.114           4.548           4.228           2.588           1.255
       939      4.328           4.323           4.774           4.447           3.486           1.263
       940      4.289           4.285           4.685           4.384           3.727           1.333
       941      4.119           4.124           4.543           4.226           2.808           1.229
       942      4.108           4.112           4.540           4.217           2.770           1.295
       943      4.167           4.165           4.617           4.296           2.702           1.218
       944      4.245           4.248           4.658           4.352           2.543           1.219
       945      4.032           4.027           4.506           4.165           2.296           1.252
       946      4.120           4.126           4.549           4.240           2.865           1.267
       947      4.032           4.026           4.537           4.191           2.094           1.230
       948      4.238           4.236           4.654           4.347           2.471           1.202
       949      4.185           4.186           4.632           4.310           2.373           0.717
       950      4.268           4.264           4.699           4.388           2.441           0.545
       951      3.780           3.782           4.271           3.919           2.481           1.211
       952      4.115           4.109           4.594           4.259           2.986           1.318
       953      4.136           4.142           4.575           4.269           3.635           1.259
       954      3.774           3.774           4.268           3.914           1.614           0.574
       955      3.864           3.867           4.293           3.971           2.238           0.375
       956      3.997           3.995           4.506           4.156           2.587           0.919
       957      4.047           4.048           4.542           4.202           2.073           0.684
       958      4.069           4.069           4.534           4.196           2.504           0.670
       959      4.306           4.313           4.774           4.450           2.918           0.598
       960      4.132           4.135           4.599           4.270           3.042           0.800
       961      4.126           4.127           4.596           4.275           2.051           0.537
       962      4.027           4.035           4.472           4.156           2.589           0.700
       963      4.110           4.121           4.534           4.235           3.568           1.294
       964      4.279           4.287           4.712           4.407           3.047           1.305
       965      4.390           4.405           4.749           4.485           3.077           1.311
       966      4.144           4.150           4.588           4.273           2.371           0.418
       967      4.151           4.163           4.570           4.261           1.932           0.661
       968      4.117           4.129           4.545           4.236           2.889           1.105
       969      4.205           4.205           4.652           4.328           2.991           1.291
       970      4.229           4.244           4.641           4.352           2.940           1.132
       971      4.219           4.211           4.678           4.347           2.519           1.106
       972      4.244           4.255           4.691           4.395           3.109           1.225
       973      4.112           4.104           4.566           4.248           2.834           1.244
       974      4.149           4.152           4.640           4.312           2.438           1.295
       975      4.047           4.048           4.572           4.219           2.640           1.257
       976      4.335           4.328           4.810           4.485           2.319           0.437
       977      4.143           4.136           4.610           4.283           3.200           0.927
       978      4.365           4.358           4.827           4.512           3.410           1.331
       979      4.240           4.240           4.745           4.401           2.427           1.232
       980      4.327           4.315           4.818           4.478           3.641           1.271
       981      4.366           4.360           4.892           4.541           2.861           1.308
       982      4.205           4.204           4.666           4.339           2.581           1.308
       983      4.015           4.005           4.541           4.176           2.631           0.517
       984      4.284           4.276           4.811           4.454           2.432           1.253
       985      4.232           4.224           4.735           4.387           2.470           1.343
       986      4.190           4.187           4.683           4.347           2.577           1.280
       987      4.087           4.077           4.655           4.283           2.539           1.209
       988      4.170           4.160           4.697           4.347           2.506           1.198
       989      4.247           4.239           4.753           4.415           2.647           1.245
       990      4.324           4.316           4.848           4.502           3.215           1.266
       991      4.182           4.175           4.769           4.394           3.033           1.250
       992      4.176           4.174           4.747           4.388           3.384           1.392
       993      4.204           4.206           4.752           4.394           2.978           1.232
       994      4.276           4.280           4.792           4.446           2.590           1.244
       995      4.230           4.241           4.733           4.399           3.040           1.319
       996      4.330           4.343           4.802           4.473           2.828           1.220
       997      4.192           4.191           4.699           4.353           2.579           1.230
       998      4.448           4.458           4.865           4.569           2.979           1.195
       999      4.266           4.274           4.713           4.389           3.256           1.240
      1000      4.400           4.410           4.811           4.509           2.801           1.356
